#VRML V2.0 utf8
# Converted from a mislabelled triangle mesh, not a native STEP solid.
# KiCad convention: 1 VRML unit = 2.54 mm.
# Physical dimensions: 12 x 16 x 4.5 mm (X x Y x Z).
Group {
  children [
    # Material 1; 1397 triangles
    Shape {
      appearance Appearance {
        material Material {
          diffuseColor 0.666667 0.666667 0.666667
          specularColor 0.466667 0.466667 0.466667
          shininess 0.35
          transparency 0
        }
      }
      geometry IndexedFaceSet {
        solid FALSE
        creaseAngle 0.5
        coord Coordinate {
          point [
            -1.1687008 1.3895406 1.7716535,
            -1.1687008 2.7559055 1.7716535,
            -0.55454213 2.7559055 1.7716535,
            0.5609185 1.2767114 1.7716535,
            0.5434063 1.3281646 1.7716535,
            0.72356024 1.2767114 1.7716535,
            0.76339528 1.3871398 1.7716535,
            0.5434063 1.3895406 1.7716535,
            0.82101024 1.3871398 1.7716535,
            2.2244094 1.3895406 1.7716535,
            0.66737087 0.99343898 1.7716535,
            2.2244094 0.99103858 1.7716535,
            0.5434063 0.99103858 1.7716535,
            0.52333386 1.3871398 1.7716535,
            0.45131535 1.3895406 1.7716535,
            0.46571929 1.3871398 1.7716535,
            0.45131535 0.99103858 1.7716535,
            0.5434063 1.1816445 1.7716535,
            0.61455748 0.99343898 1.7716535,
            -0.6441563 -0.73420591 1.7716535,
            -0.55454213 -2.7559055 1.7716535,
            -0.66046378 -0.74671929 1.7716535,
            -0.67945433 -0.75458543 1.7716535,
            -1.1687008 -2.7559055 1.7716535,
            -1.1687008 -0.75726811 1.7716535,
            -0.69983386 -0.75726811 1.7716535,
            -0.63164291 -0.069503543 1.7716535,
            -0.6441563 -0.053195669 1.7716535,
            -0.55454213 0.47925236 1.7716535,
            -0.66046378 -0.040682283 1.7716535,
            -0.6210937 -0.67852795 1.7716535,
            -0.6210937 -0.10887362 1.7716535,
            -0.62377677 -0.088494094 1.7716535,
            -0.67945433 -0.032816142 1.7716535,
            -0.69983386 -0.030133465 1.7716535,
            -1.1687008 0.47925236 1.7716535,
            -0.63164291 -0.71789843 1.7716535,
            -0.62377677 -0.69890748 1.7716535,
            -1.5250339 -0.040682283 1.7716535,
            -1.5413417 -0.053195669 1.7716535,
            -2.2244094 0.47925236 1.7716535,
            -1.5538547 -0.069503543 1.7716535,
            -1.5617213 -0.088494094 1.7716535,
            -2.2244094 -2.7559055 1.7716535,
            -1.5538547 -0.71789843 1.7716535,
            -1.5413417 -0.73420591 1.7716535,
            -1.1687008 -0.030133465 1.7716535,
            -1.4856638 -0.030133465 1.7716535,
            -1.5060433 -0.032816142 1.7716535,
            -1.5250339 -0.74671929 1.7716535,
            -1.5060433 -0.75458543 1.7716535,
            -1.4856638 -0.75726811 1.7716535,
            -1.5644039 -0.10887362 1.7716535,
            -1.5644039 -0.67852795 1.7716535,
            -1.5617213 -0.69890748 1.7716535,
            -0.20645276 1.3895406 1.7716535,
            -0.20645276 0.99103858 1.7716535,
            -0.2448626 1.3235236 1.7716535,
            -0.2448626 1.3667346 1.7716535,
            -0.28682913 1.3839657 1.7716535,
            -0.32661142 1.3895406 1.7716535,
            -0.30272126 0.99103858 1.7716535,
            -0.2903811 0.99189016 1.7716535,
            -0.2448626 1.0042417 1.7716535,
            -0.2448626 1.0570555 1.7716535,
            -0.28920906 1.0380657 1.7716535,
            -0.2519189 1.3274319 1.7716535,
            -0.33706142 1.0318488 1.7716535,
            -0.37582835 1.0362024 1.7716535,
            -0.40529646 1.0468374 1.7716535,
            -0.43254606 1.0650673 1.7716535,
            -0.45632087 1.0913138 1.7716535,
            -0.48492402 1.1944906 1.7716535,
            -0.4809378 1.237111 1.7716535,
            -0.47024173 1.2709748 1.7716535,
            -0.38263504 1.344611 1.7716535,
            -0.34591339 1.3487299 1.7716535,
            -0.41132165 1.33405 1.7716535,
            -0.43548386 1.3177646 1.7716535,
            -0.45395866 1.298274 1.7716535,
            -0.29365315 1.3429295 1.7716535,
            -0.47255197 1.1217118 1.7716535,
            -0.48304606 1.1638583 1.7716535,
            -0.20645276 0.47925236 1.7716535,
            -0.33751142 0.9886378 1.7716535,
            -0.47153622 1.3535531 1.7716535,
            -0.50110827 1.3224201 1.7716535,
            -0.55454213 1.3895406 1.7716535,
            -0.5220815 1.2849846 1.7716535,
            -0.51695984 1.0971343 1.7716535,
            -0.49388386 1.060326 1.7716535,
            -0.55454213 0.99103858 1.7716535,
            -0.45833976 1.0261421 1.7716535,
            -0.37634291 1.3895406 1.7716535,
            -0.40170827 1.3869102 1.7716535,
            -0.43986732 1.3737756 1.7716535,
            -0.42094449 1.0046165 1.7716535,
            -0.37705472 0.99186614 1.7716535,
            -0.36691693 0.99103858 1.7716535,
            -0.53393071 1.2433118 1.7716535,
            -0.5377378 1.1977161 1.7716535,
            -0.53207402 1.1417437 1.7716535,
            -0.35319055 1.3919409 1.7716535,
            -0.34242559 1.3917563 1.7716535,
            -0.20645276 2.7559055 1.7716535,
            -2.2244094 2.7559055 1.7716535,
            -2.2244094 1.3895406 1.7716535,
            -2.2244094 0.99103858 1.7716535,
            -1.1687008 0.99103858 1.7716535,
            -0.57134646 1.3439287 1.7716535,
            -0.57134646 1.3871398 1.7716535,
            -0.77299803 1.3871398 1.7716535,
            -0.72018425 1.3439287 1.7716535,
            -0.72018425 0.99343898 1.7716535,
            -0.77299803 0.99343898 1.7716535,
            0.033608661 0.99343898 1.7716535,
            0.081620866 0.99103858 1.7716535,
            0.033608661 1.03665 1.7716535,
            0.043211024 1.3439287 1.7716535,
            0.081620866 1.3895406 1.7716535,
            0.043211024 1.3871398 1.7716535,
            -0.16804291 1.3871398 1.7716535,
            -0.16804291 0.99343898 1.7716535,
            -0.11522953 1.2094945 1.7716535,
            -0.11522953 1.3439287 1.7716535,
            0.024006299 1.2094945 1.7716535,
            0.024006299 1.1662831 1.7716535,
            -0.11522953 1.1662831 1.7716535,
            -0.11522953 1.03665 1.7716535,
            0.23113425 0.99343898 1.7716535,
            0.28801299 0.99951929 1.7716535,
            0.33407677 1.0156941 1.7716535,
            0.37692756 1.0444114 1.7716535,
            0.41725236 1.279235 1.7716535,
            0.3946748 1.3144492 1.7716535,
            0.36226969 1.3454768 1.7716535,
            0.32116181 1.3693657 1.7716535,
            0.37733937 1.0447732 1.7716535,
            0.40517992 1.0756441 1.7716535,
            0.42347638 1.1095031 1.7716535,
            0.27579646 1.3828878 1.7716535,
            0.22708307 1.3871398 1.7716535,
            0.12003071 1.3871398 1.7716535,
            0.12003071 0.99343898 1.7716535,
            0.43405079 1.1482929 1.7716535,
            0.43691181 1.1853382 1.7716535,
            0.4313874 1.2380268 1.7716535,
            -0.20645276 -2.7559055 1.7716535,
            0.081620866 0.47925236 1.7716535,
            0.081620866 -2.7559055 1.7716535,
            0.45131535 0.47925236 1.7716535,
            0.45131535 -2.7559055 1.7716535,
            0.5434063 0.47925236 1.7716535,
            0.5434063 -2.7559055 1.7716535,
            1.5060433 -0.75458543 1.7716535,
            1.5250339 -0.74671929 1.7716535,
            2.2244094 -2.7559055 1.7716535,
            1.5413417 -0.73420591 1.7716535,
            1.5644039 -0.10887362 1.7716535,
            1.5617213 -0.088494094 1.7716535,
            2.2244094 0.47925236 1.7716535,
            1.5538547 -0.069503543 1.7716535,
            1.5413417 -0.053195669 1.7716535,
            1.5250339 -0.040682283 1.7716535,
            0.67945433 -0.032816142 1.7716535,
            0.66046378 -0.040682283 1.7716535,
            0.6441563 -0.053195669 1.7716535,
            0.63164291 -0.069503543 1.7716535,
            0.62377677 -0.088494094 1.7716535,
            0.63164291 -0.71789843 1.7716535,
            0.6441563 -0.73420591 1.7716535,
            0.66046378 -0.74671929 1.7716535,
            1.5538547 -0.71789843 1.7716535,
            1.5617213 -0.69890748 1.7716535,
            1.5644039 -0.67852795 1.7716535,
            1.5060433 -0.032816142 1.7716535,
            1.4856638 -0.030133465 1.7716535,
            0.69983386 -0.030133465 1.7716535,
            0.6210937 -0.10887362 1.7716535,
            0.6210937 -0.67852795 1.7716535,
            0.62377677 -0.69890748 1.7716535,
            0.67945433 -0.75458543 1.7716535,
            0.69983386 -0.75726811 1.7716535,
            1.4856638 -0.75726811 1.7716535,
            0.081620866 2.7559055 1.7716535,
            0.45131535 2.7559055 1.7716535,
            0.5434063 2.7559055 1.7716535,
            2.2244094 2.7559055 1.7716535,
            2.2440945 2.7559055 1.3582677,
            2.3622047 2.7559055 1.3582677,
            2.2440945 2.7559055 1.6338583,
            2.3622047 2.7559055 1.6338583,
            2.2436012 2.7559055 1.6382386,
            2.35875 2.7559055 1.6645205,
            2.2421449 2.7559055 1.6423992,
            2.3485587 2.7559055 1.6936453,
            2.2398 2.7559055 1.6461319,
            2.3321421 2.7559055 1.7197724,
            2.2366827 2.7559055 1.6492488,
            2.3103236 2.7559055 1.7415909,
            2.2329504 2.7559055 1.6515937,
            2.2841965 2.7559055 1.7580075,
            2.2287898 2.7559055 1.6530496,
            2.2550717 2.7559055 1.7681988,
            2.2244094 2.7559055 1.6535433,
            -2.2244094 2.7559055 1.6535433,
            -2.3622047 2.7559055 1.3582677,
            -2.2440945 2.7559055 1.3582677,
            -2.3622047 2.7559055 1.6338583,
            -2.2440945 2.7559055 1.6338583,
            -2.35875 2.7559055 1.6645205,
            -2.2436012 2.7559055 1.6382386,
            -2.3485587 2.7559055 1.6936453,
            -2.2421449 2.7559055 1.6423992,
            -2.3321421 2.7559055 1.7197724,
            -2.2398 2.7559055 1.6461319,
            -2.3103236 2.7559055 1.7415909,
            -2.2366827 2.7559055 1.6492488,
            -2.2841965 2.7559055 1.7580075,
            -2.2329504 2.7559055 1.6515937,
            -2.2550717 2.7559055 1.7681988,
            -2.2287898 2.7559055 1.6530496,
            -2.2440945 2.7559055 0.41338583,
            -2.3622047 2.7559055 0.41338583,
            -2.2440945 2.7559055 0.13779528,
            -2.3622047 2.7559055 0.13779528,
            -2.2436012 2.7559055 0.13341496,
            -2.35875 2.7559055 0.10713307,
            -2.2421449 2.7559055 0.12925433,
            -2.3485587 2.7559055 0.078008268,
            -2.2398 2.7559055 0.12552165,
            -2.3321421 2.7559055 0.051881102,
            -2.2366827 2.7559055 0.12240472,
            -2.3103236 2.7559055 0.030062598,
            -2.2329504 2.7559055 0.12005984,
            -2.2841965 2.7559055 0.013646063,
            -2.2287898 2.7559055 0.11860394,
            -2.2550717 2.7559055 0.0034547244,
            -2.2244094 2.7559055 0.11811024,
            -2.2244094 2.7559055 0,
            2.2244094 2.7559055 0.11811024,
            2.2244094 2.7559055 0,
            2.2287898 2.7559055 0.11860394,
            2.2550717 2.7559055 0.0034547244,
            2.2329504 2.7559055 0.12005984,
            2.2841965 2.7559055 0.013646063,
            2.2366827 2.7559055 0.12240472,
            2.3103236 2.7559055 0.030062598,
            2.2398 2.7559055 0.12552165,
            2.3321421 2.7559055 0.051881102,
            2.2421449 2.7559055 0.12925433,
            2.3485587 2.7559055 0.078008268,
            2.2436012 2.7559055 0.13341496,
            2.35875 2.7559055 0.10713307,
            2.2440945 2.7559055 0.13779528,
            2.3622047 2.7559055 0.13779528,
            2.2440945 2.7559055 0.41338583,
            2.3622047 2.7559055 0.41338583,
            -2.2244094 -2.7559055 1.6535433,
            2.2244094 -2.7559055 1.6535433,
            2.2287898 -2.7559055 1.6530496,
            2.2550717 -2.7559055 1.7681988,
            2.2329504 -2.7559055 1.6515937,
            2.2841965 -2.7559055 1.7580075,
            2.2366827 -2.7559055 1.6492488,
            2.3103236 -2.7559055 1.7415909,
            2.2398 -2.7559055 1.6461319,
            2.3321421 -2.7559055 1.7197724,
            2.2421449 -2.7559055 1.6423992,
            2.3485587 -2.7559055 1.6936453,
            2.2436012 -2.7559055 1.6382386,
            2.35875 -2.7559055 1.6645205,
            2.2440945 -2.7559055 1.6338583,
            2.3622047 -2.7559055 1.6338583,
            2.2440945 -2.7559055 0.13779528,
            2.3622047 -2.7559055 0.13779528,
            2.2436012 -2.7559055 0.13341496,
            2.35875 -2.7559055 0.10713307,
            2.2421449 -2.7559055 0.12925433,
            2.3485587 -2.7559055 0.078008268,
            2.2398 -2.7559055 0.12552165,
            2.3321421 -2.7559055 0.051881102,
            2.2366827 -2.7559055 0.12240472,
            2.3103236 -2.7559055 0.030062598,
            2.2329504 -2.7559055 0.12005984,
            2.2841965 -2.7559055 0.013646063,
            2.2287898 -2.7559055 0.11860394,
            2.2550717 -2.7559055 0.0034547244,
            2.2244094 -2.7559055 0.11811024,
            2.2244094 -2.7559055 0,
            -2.2244094 -2.7559055 0.11811024,
            -2.2244094 -2.7559055 0,
            -2.2287898 -2.7559055 0.11860394,
            -2.2550717 -2.7559055 0.0034547244,
            -2.2329504 -2.7559055 0.12005984,
            -2.2841965 -2.7559055 0.013646063,
            -2.2366827 -2.7559055 0.12240472,
            -2.3103236 -2.7559055 0.030062598,
            -2.2398 -2.7559055 0.12552165,
            -2.3321421 -2.7559055 0.051881102,
            -2.2421449 -2.7559055 0.12925433,
            -2.3485587 -2.7559055 0.078008268,
            -2.2436012 -2.7559055 0.13341496,
            -2.35875 -2.7559055 0.10713307,
            -2.2440945 -2.7559055 0.13779528,
            -2.3622047 -2.7559055 0.13779528,
            -2.2440945 -2.7559055 1.6338583,
            -2.3622047 -2.7559055 1.6338583,
            -2.2436012 -2.7559055 1.6382386,
            -2.35875 -2.7559055 1.6645205,
            -2.2421449 -2.7559055 1.6423992,
            -2.3485587 -2.7559055 1.6936453,
            -2.2398 -2.7559055 1.6461319,
            -2.3321421 -2.7559055 1.7197724,
            -2.2366827 -2.7559055 1.6492488,
            -2.3103236 -2.7559055 1.7415909,
            -2.2329504 -2.7559055 1.6515937,
            -2.2841965 -2.7559055 1.7580075,
            -2.2287898 -2.7559055 1.6530496,
            -2.2550717 -2.7559055 1.7681988,
            2.3622047 3.4645669 0.41338583,
            2.3622047 3.5433071 0.49212598,
            2.3622047 3.5433071 1.2795276,
            2.3622047 3.4645669 1.3582677,
            2.3622047 3.4820882 1.3562937,
            2.3622047 3.5136606 1.341089,
            2.3622047 3.5261287 1.3286213,
            2.3622047 3.5355094 1.3136917,
            2.3622047 3.4987311 1.3504701,
            2.3622047 3.5413331 1.2970488,
            2.3622047 3.5136606 0.43056457,
            2.3622047 3.4987311 0.42118346,
            2.3622047 3.4820882 0.41535984,
            2.3622047 3.5413331 0.47460472,
            2.3622047 3.5355094 0.45796181,
            2.3622047 3.5261287 0.44303228,
            -1.4856638 -0.75726811 0,
            -1.5060433 -0.75458543 0,
            -1.5250339 -0.74671929 0,
            -1.5413417 -0.73420591 0,
            -1.5538547 -0.71789843 0,
            1.5617213 -0.088494094 0,
            1.5617213 -0.69890748 0,
            1.5538547 -0.71789843 0,
            1.5413417 -0.73420591 0,
            1.5250339 -0.74671929 0,
            1.5060433 -0.75458543 0,
            1.4856638 -0.75726811 0,
            1.5644039 -0.10887362 0,
            1.5644039 -0.67852795 0,
            0.69983386 -0.75726811 0,
            0.67945433 -0.75458543 0,
            -0.6441563 -0.73420591 0,
            1.5250339 -0.040682283 0,
            1.5413417 -0.053195669 0,
            1.5538547 -0.069503543 0,
            -0.66046378 -0.74671929 0,
            -0.67945433 -0.75458543 0,
            -0.69983386 -0.75726811 0,
            -1.5617213 -0.69890748 0,
            -1.5644039 -0.67852795 0,
            -1.5644039 -0.10887362 0,
            -1.5617213 -0.088494094 0,
            0.66046378 -0.74671929 0,
            0.6441563 -0.73420591 0,
            -0.63164291 -0.71789843 0,
            -0.62377677 -0.69890748 0,
            -0.66046378 -0.040682283 0,
            -0.6441563 -0.053195669 0,
            0.62377677 -0.088494094 0,
            -0.63164291 -0.069503543 0,
            0.6441563 -0.053195669 0,
            0.66046378 -0.040682283 0,
            -1.5538547 -0.069503543 0,
            -1.5413417 -0.053195669 0,
            -1.5250339 -0.040682283 0,
            0.69983386 -0.030133465 0,
            1.4856638 -0.030133465 0,
            1.5060433 -0.032816142 0,
            -0.62377677 -0.088494094 0,
            -0.6210937 -0.10887362 0,
            0.6210937 -0.10887362 0,
            -1.5060433 -0.032816142 0,
            -1.4856638 -0.030133465 0,
            -0.69983386 -0.030133465 0,
            0.67945433 -0.032816142 0,
            0.63164291 -0.71789843 0,
            0.62377677 -0.69890748 0,
            0.6210937 -0.67852795 0,
            0.63164291 -0.069503543 0,
            -0.67945433 -0.032816142 0,
            -0.6210937 -0.67852795 0,
            -1.4856638 -0.75726811 1.6535433,
            -1.5060433 -0.75458543 1.6535433,
            1.5413417 -0.73420591 1.6535433,
            1.5250339 -0.74671929 1.6535433,
            -1.5250339 -0.74671929 1.6535433,
            -1.5413417 -0.73420591 1.6535433,
            -1.5538547 -0.71789843 1.6535433,
            -1.5617213 -0.088494094 1.6535433,
            -1.5538547 -0.069503543 1.6535433,
            1.5538547 -0.069503543 1.6535433,
            1.5617213 -0.088494094 1.6535433,
            1.5644039 -0.67852795 1.6535433,
            1.5617213 -0.69890748 1.6535433,
            1.5538547 -0.71789843 1.6535433,
            1.5644039 -0.10887362 1.6535433,
            -0.66046378 -0.040682283 1.6535433,
            -0.6441563 -0.053195669 1.6535433,
            -1.5617213 -0.69890748 1.6535433,
            -1.5644039 -0.67852795 1.6535433,
            -1.5644039 -0.10887362 1.6535433,
            -1.5413417 -0.053195669 1.6535433,
            -1.5250339 -0.040682283 1.6535433,
            -1.5060433 -0.032816142 1.6535433,
            1.4856638 -0.030133465 1.6535433,
            1.5060433 -0.032816142 1.6535433,
            0.6441563 -0.73420591 1.6535433,
            0.63164291 -0.71789843 1.6535433,
            -0.6210937 -0.67852795 1.6535433,
            1.5060433 -0.75458543 1.6535433,
            1.4856638 -0.75726811 1.6535433,
            0.69983386 -0.75726811 1.6535433,
            -0.6441563 -0.73420591 1.6535433,
            -0.66046378 -0.74671929 1.6535433,
            -0.67945433 -0.75458543 1.6535433,
            -0.69983386 -0.75726811 1.6535433,
            0.69983386 -0.030133465 1.6535433,
            1.5250339 -0.040682283 1.6535433,
            1.5413417 -0.053195669 1.6535433,
            -0.63164291 -0.71789843 1.6535433,
            -0.62377677 -0.69890748 1.6535433,
            0.67945433 -0.75458543 1.6535433,
            0.66046378 -0.74671929 1.6535433,
            -0.6210937 -0.10887362 1.6535433,
            0.62377677 -0.088494094 1.6535433,
            -0.62377677 -0.088494094 1.6535433,
            0.63164291 -0.069503543 1.6535433,
            -1.4856638 -0.030133465 1.6535433,
            -0.69983386 -0.030133465 1.6535433,
            -0.67945433 -0.032816142 1.6535433,
            0.67945433 -0.032816142 1.6535433,
            -0.63164291 -0.069503543 1.6535433,
            0.6441563 -0.053195669 1.6535433,
            0.66046378 -0.040682283 1.6535433,
            0.62377677 -0.69890748 1.6535433,
            0.6210937 -0.67852795 1.6535433,
            0.6210937 -0.10887362 1.6535433,
            2.2440945 3.4820882 1.3562937,
            2.2440945 3.4645669 1.3582677,
            2.2440945 3.5433071 1.2795276,
            2.2440945 3.5433071 0.49212598,
            2.2440945 3.5355094 0.45796181,
            2.2440945 3.4645669 0.41338583,
            2.2440945 3.4820882 0.41535984,
            2.2440945 3.5413331 0.47460472,
            2.2440945 3.5355094 1.3136917,
            2.2440945 3.5261287 1.3286213,
            2.2440945 3.5136606 1.341089,
            2.2440945 3.5413331 1.2970488,
            2.2440945 3.4987311 0.42118346,
            2.2440945 3.5136606 0.43056457,
            2.2440945 3.5261287 0.44303228,
            2.2440945 3.4987311 1.3504701,
            -1.5617213 -0.69890748 0.11811024,
            -1.5538547 -0.71789843 0.11811024,
            1.5644039 -0.10887362 0.11811024,
            1.5617213 -0.088494094 0.11811024,
            -0.69983386 -0.030133465 0.11811024,
            -1.4856638 -0.030133465 0.11811024,
            -1.5060433 -0.032816142 0.11811024,
            -1.5250339 -0.040682283 0.11811024,
            -1.5413417 -0.053195669 0.11811024,
            1.5538547 -0.069503543 0.11811024,
            1.5413417 -0.053195669 0.11811024,
            1.5250339 -0.040682283 0.11811024,
            -1.5644039 -0.67852795 0.11811024,
            -1.5413417 -0.73420591 0.11811024,
            -1.5250339 -0.74671929 0.11811024,
            -1.5060433 -0.75458543 0.11811024,
            -1.5538547 -0.069503543 0.11811024,
            -1.5617213 -0.088494094 0.11811024,
            -1.5644039 -0.10887362 0.11811024,
            1.5644039 -0.67852795 0.11811024,
            1.5617213 -0.69890748 0.11811024,
            1.5250339 -0.74671929 0.11811024,
            1.5413417 -0.73420591 0.11811024,
            1.5538547 -0.71789843 0.11811024,
            -0.6441563 -0.053195669 0.11811024,
            -0.66046378 -0.040682283 0.11811024,
            -0.66046378 -0.74671929 0.11811024,
            -0.6441563 -0.73420591 0.11811024,
            -1.4856638 -0.75726811 0.11811024,
            -0.69983386 -0.75726811 0.11811024,
            -0.67945433 -0.75458543 0.11811024,
            0.69983386 -0.75726811 0.11811024,
            1.4856638 -0.75726811 0.11811024,
            1.5060433 -0.75458543 0.11811024,
            1.5060433 -0.032816142 0.11811024,
            1.4856638 -0.030133465 0.11811024,
            0.69983386 -0.030133465 0.11811024,
            -0.67945433 -0.032816142 0.11811024,
            -0.62377677 -0.088494094 0.11811024,
            0.66046378 -0.040682283 0.11811024,
            0.6441563 -0.053195669 0.11811024,
            -0.6210937 -0.67852795 0.11811024,
            0.62377677 -0.69890748 0.11811024,
            -0.62377677 -0.69890748 0.11811024,
            0.63164291 -0.71789843 0.11811024,
            -0.63164291 -0.069503543 0.11811024,
            0.67945433 -0.032816142 0.11811024,
            0.67945433 -0.75458543 0.11811024,
            -0.63164291 -0.71789843 0.11811024,
            0.6441563 -0.73420591 0.11811024,
            0.66046378 -0.74671929 0.11811024,
            0.63164291 -0.069503543 0.11811024,
            0.62377677 -0.088494094 0.11811024,
            -0.6210937 -0.10887362 0.11811024,
            0.6210937 -0.10887362 0.11811024,
            0.6210937 -0.67852795 0.11811024,
            -2.3622047 3.4645669 1.3582677,
            -2.3622047 3.5433071 1.2795276,
            -2.3622047 3.5433071 0.49212598,
            -2.3622047 3.4645669 0.41338583,
            -2.3622047 3.4820882 0.41535984,
            -2.3622047 3.5136606 0.43056457,
            -2.3622047 3.5261287 0.44303228,
            -2.3622047 3.5355094 0.45796181,
            -2.3622047 3.4987311 0.42118346,
            -2.3622047 3.5413331 0.47460472,
            -2.3622047 3.5136606 1.341089,
            -2.3622047 3.4987311 1.3504701,
            -2.3622047 3.4820882 1.3562937,
            -2.3622047 3.5413331 1.2970488,
            -2.3622047 3.5355094 1.3136917,
            -2.3622047 3.5261287 1.3286213,
            -2.2440945 3.4645669 0.41338583,
            -2.2440945 3.5433071 0.49212598,
            -2.2440945 3.5433071 1.2795276,
            -2.2440945 3.5355094 1.3136917,
            -2.2440945 3.4645669 1.3582677,
            -2.2440945 3.4820882 1.3562937,
            -2.2440945 3.5413331 1.2970488,
            -2.2440945 3.5413331 0.47460472,
            -2.2440945 3.5355094 0.45796181,
            -2.2440945 3.5261287 0.44303228,
            -2.2440945 3.5136606 0.43056457,
            -2.2440945 3.4987311 0.42118346,
            -2.2440945 3.4820882 0.41535984,
            -2.2440945 3.4987311 1.3504701,
            -2.2440945 3.5136606 1.341089,
            -2.2440945 3.5261287 1.3286213,
            0.57419685 1.2335004 1.7716535,
            0.70585591 1.2335004 1.7716535,
            0.63293701 1.0690583 1.7716535,
            0.63672598 1.0554039 1.7716535,
            0.63923858 1.0414512 1.7716535,
            0.64051417 1.0414512 1.7716535,
            0.64308307 1.0553622 1.7716535,
            0.64659055 1.0690583 1.7716535,
            0.23090906 1.03665 1.7716535,
            0.17284409 1.03665 1.7716535,
            0.27750709 1.0416035 1.7716535,
            0.31000472 1.052976 1.7716535,
            0.3387626 1.0715543 1.7716535,
            0.35788583 1.0918591 1.7716535,
            0.37156299 1.1161413 1.7716535,
            0.38075354 1.1472807 1.7716535,
            0.38409843 1.1864634 1.7716535,
            0.38048346 1.227815 1.7716535,
            0.36893661 1.2648228 1.7716535,
            0.3523311 1.2919673 1.7716535,
            0.33024961 1.3137776 1.7716535,
            0.30339961 1.3297213 1.7716535,
            0.27026929 1.3400626 1.7716535,
            0.22873346 1.3439287 1.7716535,
            0.17284409 1.3439287 1.7716535,
            -1.5354331 3.0314961 1.023622,
            -1.5354331 3.0314961 0.94488189,
            -1.2204724 3.0314961 0.94488189,
            -1.2204724 3.0314961 1.023622,
            -0.23622047 3.0314961 0.94488189,
            -0.5511811 3.0314961 0.94488189,
            -0.5511811 3.0314961 1.023622,
            -0.23622047 3.0314961 1.023622,
            0.5511811 3.0314961 1.023622,
            0.23622047 3.0314961 1.023622,
            0.23622047 3.0314961 0.94488189,
            0.5511811 3.0314961 0.94488189,
            1.2204724 3.0314961 0.94488189,
            1.2204724 3.0314961 1.023622,
            1.5354331 3.0314961 1.023622,
            1.5354331 3.0314961 0.94488189,
            0.59055118 -0.46062992 1.023622,
            0.19685039 -0.46062992 1.023622,
            0.19685039 0.68548189 1.023622,
            0.59055118 0.68548189 1.023622,
            1.5748031 -0.46062992 1.023622,
            1.1811024 -0.46062992 1.023622,
            1.1811024 0.68548189 1.023622,
            1.5748031 0.68548189 1.023622,
            -1.1811024 -0.46062992 1.023622,
            -1.5748031 -0.46062992 1.023622,
            -1.5748031 0.68548189 1.023622,
            -1.1811024 0.68548189 1.023622,
            -0.19685039 -0.46062992 1.023622,
            -0.59055118 -0.46062992 1.023622,
            -0.59055118 0.68548189 1.023622,
            -0.19685039 0.68548189 1.023622,
            0.59055118 0.68548189 0.94488189,
            0.19685039 0.68548189 0.94488189,
            0.59055118 -0.46062992 0.94488189,
            0.19685039 -0.46062992 0.94488189,
            0.59055118 -0.51532205 0.94009685,
            0.19685039 -0.51532205 0.94009685,
            0.59055118 -0.56835276 0.9258874,
            0.19685039 -0.56835276 0.9258874,
            0.59055118 -1.2562307 0.67552047,
            0.19685039 -1.2562307 0.67552047,
            0.19685039 -1.3365031 0.65772441,
            0.59055118 -1.3365031 0.65772441,
            0.19685039 -1.4186461 0.66131102,
            0.59055118 -1.4186461 0.66131102,
            0.19685039 -1.4970618 0.68603543,
            0.59055118 -1.4970618 0.68603543,
            0.19685039 -1.5664067 0.7302126,
            0.59055118 -1.5664067 0.7302126,
            0.59055118 -1.8396051 0.95945354,
            0.19685039 -1.8396051 0.95945354,
            0.59055118 -1.7889921 1.019772,
            0.19685039 -1.7889921 1.019772,
            0.59055118 -1.5157933 0.7905311,
            0.19685039 -1.5157933 0.7905311,
            0.59055118 -1.4637846 0.75739803,
            0.19685039 -1.4637846 0.75739803,
            0.59055118 -1.4049728 0.73885472,
            0.19685039 -1.4049728 0.73885472,
            0.59055118 -1.3433657 0.73616496,
            0.19685039 -1.3433657 0.73616496,
            0.59055118 -1.2831614 0.74951181,
            0.19685039 -1.2831614 0.74951181,
            0.59055118 -0.59528346 0.99987913,
            0.19685039 -0.59528346 0.99987913,
            0.19685039 -0.52899528 1.0176409,
            0.59055118 -0.52899528 1.0176409,
            1.5748031 0.68548189 0.94488189,
            1.1811024 0.68548189 0.94488189,
            1.5748031 -0.46062992 0.94488189,
            1.1811024 -0.46062992 0.94488189,
            1.5748031 -0.51532205 0.94009685,
            1.1811024 -0.51532205 0.94009685,
            1.5748031 -0.56835276 0.9258874,
            1.1811024 -0.56835276 0.9258874,
            1.5748031 -1.2562307 0.67552047,
            1.1811024 -1.2562307 0.67552047,
            1.1811024 -1.3365031 0.65772441,
            1.5748031 -1.3365031 0.65772441,
            1.1811024 -1.4186461 0.66131102,
            1.5748031 -1.4186461 0.66131102,
            1.1811024 -1.4970618 0.68603543,
            1.5748031 -1.4970618 0.68603543,
            1.1811024 -1.5664067 0.7302126,
            1.5748031 -1.5664067 0.7302126,
            1.5748031 -1.8396051 0.95945354,
            1.1811024 -1.8396051 0.95945354,
            1.5748031 -1.7889921 1.019772,
            1.1811024 -1.7889921 1.019772,
            1.5748031 -1.5157933 0.7905311,
            1.1811024 -1.5157933 0.7905311,
            1.5748031 -1.4637846 0.75739803,
            1.1811024 -1.4637846 0.75739803,
            1.5748031 -1.4049728 0.73885472,
            1.1811024 -1.4049728 0.73885472,
            1.5748031 -1.3433657 0.73616496,
            1.1811024 -1.3433657 0.73616496,
            1.5748031 -1.2831614 0.74951181,
            1.1811024 -1.2831614 0.74951181,
            1.5748031 -0.59528346 0.99987913,
            1.1811024 -0.59528346 0.99987913,
            1.1811024 -0.52899528 1.0176409,
            1.5748031 -0.52899528 1.0176409,
            -0.19685039 -0.52899528 1.0176409,
            -0.59055118 -0.52899528 1.0176409,
            -0.19685039 -0.59528346 0.99987913,
            -0.59055118 -0.59528346 0.99987913,
            -0.59055118 -1.2831614 0.74951181,
            -0.19685039 -1.2831614 0.74951181,
            -0.59055118 -1.3433657 0.73616496,
            -0.19685039 -1.3433657 0.73616496,
            -0.59055118 -1.4049728 0.73885472,
            -0.19685039 -1.4049728 0.73885472,
            -0.59055118 -1.4637846 0.75739803,
            -0.19685039 -1.4637846 0.75739803,
            -0.59055118 -1.5157933 0.7905311,
            -0.19685039 -1.5157933 0.7905311,
            -0.59055118 -1.7889921 1.019772,
            -0.19685039 -1.7889921 1.019772,
            -0.59055118 -1.8396051 0.95945354,
            -0.19685039 -1.8396051 0.95945354,
            -0.59055118 -1.5664067 0.7302126,
            -0.19685039 -1.5664067 0.7302126,
            -0.19685039 -1.4970618 0.68603543,
            -0.59055118 -1.4970618 0.68603543,
            -0.19685039 -1.4186461 0.66131102,
            -0.59055118 -1.4186461 0.66131102,
            -0.19685039 -1.3365031 0.65772441,
            -0.59055118 -1.3365031 0.65772441,
            -0.19685039 -1.2562307 0.67552047,
            -0.59055118 -1.2562307 0.67552047,
            -0.59055118 -0.56835276 0.9258874,
            -0.19685039 -0.56835276 0.9258874,
            -0.59055118 -0.51532205 0.94009685,
            -0.19685039 -0.51532205 0.94009685,
            -0.59055118 -0.46062992 0.94488189,
            -0.19685039 -0.46062992 0.94488189,
            -0.59055118 0.68548189 0.94488189,
            -0.19685039 0.68548189 0.94488189,
            -1.1811024 -0.52899528 1.0176409,
            -1.5748031 -0.52899528 1.0176409,
            -1.1811024 -0.59528346 0.99987913,
            -1.5748031 -0.59528346 0.99987913,
            -1.5748031 -1.2831614 0.74951181,
            -1.1811024 -1.2831614 0.74951181,
            -1.5748031 -1.3433657 0.73616496,
            -1.1811024 -1.3433657 0.73616496,
            -1.5748031 -1.4049728 0.73885472,
            -1.1811024 -1.4049728 0.73885472,
            -1.5748031 -1.4637846 0.75739803,
            -1.1811024 -1.4637846 0.75739803,
            -1.5748031 -1.5157933 0.7905311,
            -1.1811024 -1.5157933 0.7905311,
            -1.5748031 -1.7889921 1.019772,
            -1.1811024 -1.7889921 1.019772,
            -1.5748031 -1.8396051 0.95945354,
            -1.1811024 -1.8396051 0.95945354,
            -1.5748031 -1.5664067 0.7302126,
            -1.1811024 -1.5664067 0.7302126,
            -1.1811024 -1.4970618 0.68603543,
            -1.5748031 -1.4970618 0.68603543,
            -1.1811024 -1.4186461 0.66131102,
            -1.5748031 -1.4186461 0.66131102,
            -1.1811024 -1.3365031 0.65772441,
            -1.5748031 -1.3365031 0.65772441,
            -1.1811024 -1.2562307 0.67552047,
            -1.5748031 -1.2562307 0.67552047,
            -1.5748031 -0.56835276 0.9258874,
            -1.1811024 -0.56835276 0.9258874,
            -1.5748031 -0.51532205 0.94009685,
            -1.1811024 -0.51532205 0.94009685,
            -1.5748031 -0.46062992 0.94488189,
            -1.1811024 -0.46062992 0.94488189,
            -1.5748031 0.68548189 0.94488189,
            -1.1811024 0.68548189 0.94488189,
            1.2204724 3.5433071 0.94488189,
            1.2204724 3.5433071 1.023622,
            1.5354331 3.5433071 0.94488189,
            1.5354331 3.5433071 1.023622,
            0.23622047 3.5433071 0.94488189,
            0.23622047 3.5433071 1.023622,
            0.5511811 3.5433071 0.94488189,
            0.5511811 3.5433071 1.023622,
            -1.2204724 3.5433071 1.023622,
            -1.2204724 3.5433071 0.94488189,
            -1.5354331 3.5433071 1.023622,
            -1.5354331 3.5433071 0.94488189,
            -0.23622047 3.5433071 1.023622,
            -0.23622047 3.5433071 0.94488189,
            -0.5511811 3.5433071 1.023622,
            -0.5511811 3.5433071 0.94488189,
          ]
        }
        coordIndex [
          2, 1, 0, -1,
          5, 4, 3, -1,
          6, 4, 5, -1,
          8, 7, 6, -1,
          9, 7, 8, -1,
          10, 9, 8, -1,
          11, 9, 10, -1,
          12, 11, 10, -1,
          7, 4, 6, -1,
          13, 4, 7, -1,
          14, 13, 7, -1,
          15, 13, 14, -1,
          16, 15, 14, -1,
          17, 15, 16, -1,
          12, 17, 16, -1,
          18, 17, 12, -1,
          10, 18, 12, -1,
          21, 20, 19, -1,
          22, 20, 21, -1,
          20, 24, 23, -1,
          25, 24, 20, -1,
          22, 25, 20, -1,
          28, 27, 26, -1,
          29, 27, 28, -1,
          28, 31, 30, -1,
          32, 31, 28, -1,
          26, 32, 28, -1,
          28, 33, 29, -1,
          34, 33, 28, -1,
          35, 34, 28, -1,
          20, 36, 19, -1,
          37, 36, 20, -1,
          30, 37, 20, -1,
          40, 39, 38, -1,
          41, 39, 40, -1,
          42, 41, 40, -1,
          45, 44, 43, -1,
          35, 46, 34, -1,
          47, 46, 35, -1,
          40, 47, 35, -1,
          48, 47, 40, -1,
          38, 48, 40, -1,
          43, 49, 45, -1,
          50, 49, 43, -1,
          23, 50, 43, -1,
          51, 50, 23, -1,
          24, 51, 23, -1,
          40, 52, 42, -1,
          53, 52, 40, -1,
          43, 53, 40, -1,
          54, 53, 43, -1,
          44, 54, 43, -1,
          57, 56, 55, -1,
          55, 58, 57, -1,
          59, 58, 55, -1,
          60, 59, 55, -1,
          62, 61, 56, -1,
          56, 63, 62, -1,
          64, 63, 56, -1,
          57, 64, 56, -1,
          65, 64, 57, -1,
          66, 65, 57, -1,
          67, 65, 66, -1,
          68, 67, 66, -1,
          66, 69, 68, -1,
          70, 69, 66, -1,
          71, 70, 66, -1,
          66, 73, 72, -1,
          74, 73, 66, -1,
          77, 76, 75, -1,
          78, 76, 77, -1,
          66, 79, 74, -1,
          78, 79, 66, -1,
          80, 78, 66, -1,
          76, 78, 80, -1,
          66, 81, 71, -1,
          82, 81, 66, -1,
          72, 82, 66, -1,
          61, 84, 83, -1,
          87, 86, 85, -1,
          88, 86, 87, -1,
          91, 90, 89, -1,
          92, 90, 91, -1,
          87, 94, 93, -1,
          95, 94, 87, -1,
          85, 95, 87, -1,
          91, 96, 92, -1,
          97, 96, 91, -1,
          98, 97, 91, -1,
          87, 99, 88, -1,
          100, 99, 87, -1,
          91, 100, 87, -1,
          101, 100, 91, -1,
          89, 101, 91, -1,
          103, 2, 102, -1,
          104, 2, 103, -1,
          60, 104, 103, -1,
          106, 1, 105, -1,
          0, 1, 106, -1,
          107, 0, 106, -1,
          108, 0, 107, -1,
          98, 83, 84, -1,
          28, 83, 98, -1,
          91, 28, 98, -1,
          35, 28, 91, -1,
          108, 35, 91, -1,
          40, 35, 108, -1,
          107, 40, 108, -1,
          87, 109, 91, -1,
          110, 109, 87, -1,
          111, 110, 87, -1,
          113, 109, 112, -1,
          91, 109, 113, -1,
          114, 91, 113, -1,
          108, 91, 114, -1,
          111, 108, 114, -1,
          0, 108, 111, -1,
          87, 0, 111, -1,
          2, 0, 87, -1,
          93, 2, 87, -1,
          102, 2, 93, -1,
          56, 116, 115, -1,
          116, 117, 115, -1,
          118, 117, 116, -1,
          119, 118, 116, -1,
          120, 118, 119, -1,
          55, 120, 119, -1,
          121, 120, 55, -1,
          56, 121, 55, -1,
          122, 121, 56, -1,
          115, 122, 56, -1,
          125, 124, 123, -1,
          118, 124, 125, -1,
          126, 118, 125, -1,
          117, 118, 126, -1,
          127, 117, 126, -1,
          128, 117, 127, -1,
          116, 16, 129, -1,
          16, 130, 129, -1,
          131, 130, 16, -1,
          132, 131, 16, -1,
          14, 134, 133, -1,
          135, 134, 14, -1,
          136, 135, 14, -1,
          16, 137, 132, -1,
          138, 137, 16, -1,
          139, 138, 16, -1,
          14, 140, 136, -1,
          141, 140, 14, -1,
          119, 141, 14, -1,
          142, 141, 119, -1,
          116, 142, 119, -1,
          143, 142, 116, -1,
          129, 143, 116, -1,
          16, 144, 139, -1,
          145, 144, 16, -1,
          14, 145, 16, -1,
          146, 145, 14, -1,
          133, 146, 14, -1,
          20, 28, 30, -1,
          83, 28, 20, -1,
          147, 83, 20, -1,
          148, 83, 147, -1,
          149, 148, 147, -1,
          150, 148, 149, -1,
          151, 150, 149, -1,
          152, 150, 151, -1,
          153, 152, 151, -1,
          156, 155, 154, -1,
          157, 155, 156, -1,
          160, 159, 158, -1,
          160, 161, 159, -1,
          162, 161, 160, -1,
          163, 162, 160, -1,
          152, 165, 164, -1,
          152, 166, 165, -1,
          167, 166, 152, -1,
          168, 167, 152, -1,
          153, 170, 169, -1,
          171, 170, 153, -1,
          156, 172, 157, -1,
          173, 172, 156, -1,
          160, 173, 156, -1,
          174, 173, 160, -1,
          158, 174, 160, -1,
          160, 175, 163, -1,
          176, 175, 160, -1,
          152, 176, 160, -1,
          177, 176, 152, -1,
          164, 177, 152, -1,
          152, 178, 168, -1,
          179, 178, 152, -1,
          153, 179, 152, -1,
          180, 179, 153, -1,
          169, 180, 153, -1,
          153, 181, 171, -1,
          182, 181, 153, -1,
          156, 182, 153, -1,
          183, 182, 156, -1,
          154, 183, 156, -1,
          83, 56, 61, -1,
          116, 56, 83, -1,
          148, 116, 83, -1,
          16, 116, 148, -1,
          150, 16, 148, -1,
          12, 16, 150, -1,
          152, 12, 150, -1,
          11, 12, 152, -1,
          160, 11, 152, -1,
          55, 104, 60, -1,
          184, 104, 55, -1,
          119, 184, 55, -1,
          185, 184, 119, -1,
          14, 185, 119, -1,
          186, 185, 14, -1,
          7, 186, 14, -1,
          187, 186, 7, -1,
          9, 187, 7, -1,
          190, 189, 188, -1,
          191, 189, 190, -1,
          192, 191, 190, -1,
          193, 191, 192, -1,
          194, 193, 192, -1,
          195, 193, 194, -1,
          196, 195, 194, -1,
          197, 195, 196, -1,
          198, 197, 196, -1,
          199, 197, 198, -1,
          200, 199, 198, -1,
          201, 199, 200, -1,
          202, 201, 200, -1,
          203, 201, 202, -1,
          204, 203, 202, -1,
          187, 203, 204, -1,
          204, 186, 187, -1,
          185, 186, 204, -1,
          205, 185, 204, -1,
          205, 184, 185, -1,
          104, 184, 205, -1,
          2, 104, 205, -1,
          208, 207, 206, -1,
          209, 207, 208, -1,
          210, 209, 208, -1,
          211, 209, 210, -1,
          212, 211, 210, -1,
          213, 211, 212, -1,
          214, 213, 212, -1,
          215, 213, 214, -1,
          216, 215, 214, -1,
          217, 215, 216, -1,
          218, 217, 216, -1,
          219, 217, 218, -1,
          220, 219, 218, -1,
          221, 219, 220, -1,
          105, 221, 220, -1,
          205, 221, 105, -1,
          1, 205, 105, -1,
          2, 205, 1, -1,
          224, 223, 222, -1,
          225, 223, 224, -1,
          226, 225, 224, -1,
          227, 225, 226, -1,
          228, 227, 226, -1,
          229, 227, 228, -1,
          230, 229, 228, -1,
          231, 229, 230, -1,
          232, 231, 230, -1,
          233, 231, 232, -1,
          234, 233, 232, -1,
          235, 233, 234, -1,
          236, 235, 234, -1,
          237, 235, 236, -1,
          238, 237, 236, -1,
          239, 237, 238, -1,
          240, 239, 238, -1,
          241, 239, 240, -1,
          242, 241, 240, -1,
          243, 241, 242, -1,
          244, 243, 242, -1,
          245, 243, 244, -1,
          246, 245, 244, -1,
          247, 245, 246, -1,
          248, 247, 246, -1,
          249, 247, 248, -1,
          250, 249, 248, -1,
          251, 249, 250, -1,
          252, 251, 250, -1,
          253, 251, 252, -1,
          254, 253, 252, -1,
          255, 253, 254, -1,
          256, 255, 254, -1,
          257, 255, 256, -1,
          20, 23, 258, -1,
          258, 147, 20, -1,
          149, 147, 258, -1,
          259, 149, 258, -1,
          151, 149, 259, -1,
          259, 153, 151, -1,
          156, 153, 259, -1,
          260, 156, 259, -1,
          261, 156, 260, -1,
          262, 261, 260, -1,
          263, 261, 262, -1,
          264, 263, 262, -1,
          265, 263, 264, -1,
          266, 265, 264, -1,
          267, 265, 266, -1,
          268, 267, 266, -1,
          269, 267, 268, -1,
          270, 269, 268, -1,
          271, 269, 270, -1,
          272, 271, 270, -1,
          273, 271, 272, -1,
          274, 273, 272, -1,
          275, 273, 274, -1,
          276, 275, 274, -1,
          277, 275, 276, -1,
          278, 277, 276, -1,
          279, 277, 278, -1,
          280, 279, 278, -1,
          281, 279, 280, -1,
          282, 281, 280, -1,
          283, 281, 282, -1,
          284, 283, 282, -1,
          285, 283, 284, -1,
          286, 285, 284, -1,
          287, 285, 286, -1,
          288, 287, 286, -1,
          289, 287, 288, -1,
          290, 289, 288, -1,
          291, 289, 290, -1,
          292, 291, 290, -1,
          293, 291, 292, -1,
          294, 293, 292, -1,
          295, 293, 294, -1,
          296, 295, 294, -1,
          297, 295, 296, -1,
          298, 297, 296, -1,
          299, 297, 298, -1,
          300, 299, 298, -1,
          301, 299, 300, -1,
          302, 301, 300, -1,
          303, 301, 302, -1,
          304, 303, 302, -1,
          305, 303, 304, -1,
          306, 305, 304, -1,
          307, 305, 306, -1,
          308, 307, 306, -1,
          309, 307, 308, -1,
          310, 309, 308, -1,
          311, 309, 310, -1,
          312, 311, 310, -1,
          313, 311, 312, -1,
          314, 313, 312, -1,
          315, 313, 314, -1,
          316, 315, 314, -1,
          317, 315, 316, -1,
          318, 317, 316, -1,
          319, 317, 318, -1,
          258, 319, 318, -1,
          43, 319, 258, -1,
          23, 43, 258, -1,
          160, 156, 261, -1,
          203, 11, 160, -1,
          9, 11, 203, -1,
          187, 9, 203, -1,
          261, 203, 160, -1,
          201, 203, 261, -1,
          263, 201, 261, -1,
          199, 201, 263, -1,
          265, 199, 263, -1,
          197, 199, 265, -1,
          267, 197, 265, -1,
          195, 197, 267, -1,
          269, 195, 267, -1,
          193, 195, 269, -1,
          271, 193, 269, -1,
          191, 193, 271, -1,
          273, 191, 271, -1,
          275, 191, 273, -1,
          189, 191, 275, -1,
          321, 257, 320, -1,
          322, 257, 321, -1,
          257, 275, 255, -1,
          189, 275, 257, -1,
          322, 189, 257, -1,
          323, 189, 322, -1,
          324, 323, 322, -1,
          327, 326, 325, -1,
          322, 328, 324, -1,
          325, 328, 322, -1,
          329, 325, 322, -1,
          327, 325, 329, -1,
          332, 331, 330, -1,
          320, 333, 321, -1,
          334, 333, 320, -1,
          332, 334, 320, -1,
          335, 334, 332, -1,
          330, 335, 332, -1,
          253, 255, 275, -1,
          277, 253, 275, -1,
          251, 253, 277, -1,
          279, 251, 277, -1,
          249, 251, 279, -1,
          281, 249, 279, -1,
          247, 249, 281, -1,
          283, 247, 281, -1,
          245, 247, 283, -1,
          285, 245, 283, -1,
          243, 245, 285, -1,
          287, 243, 285, -1,
          241, 243, 287, -1,
          289, 241, 287, -1,
          337, 336, 291, -1,
          291, 338, 337, -1,
          339, 338, 291, -1,
          340, 339, 291, -1,
          241, 289, 341, -1,
          289, 343, 342, -1,
          344, 343, 289, -1,
          289, 345, 344, -1,
          346, 345, 289, -1,
          347, 346, 289, -1,
          289, 348, 341, -1,
          349, 348, 289, -1,
          342, 349, 289, -1,
          289, 350, 347, -1,
          351, 350, 289, -1,
          352, 351, 289, -1,
          241, 354, 353, -1,
          355, 354, 241, -1,
          341, 355, 241, -1,
          289, 356, 352, -1,
          357, 356, 289, -1,
          291, 357, 289, -1,
          358, 357, 291, -1,
          336, 358, 291, -1,
          291, 359, 340, -1,
          360, 359, 291, -1,
          239, 360, 291, -1,
          361, 360, 239, -1,
          362, 361, 239, -1,
          352, 363, 351, -1,
          364, 363, 352, -1,
          365, 364, 352, -1,
          366, 364, 365, -1,
          369, 368, 367, -1,
          370, 368, 369, -1,
          372, 371, 239, -1,
          239, 373, 362, -1,
          374, 373, 239, -1,
          375, 374, 239, -1,
          241, 377, 376, -1,
          378, 377, 241, -1,
          353, 378, 241, -1,
          369, 379, 370, -1,
          380, 379, 369, -1,
          381, 380, 369, -1,
          239, 382, 375, -1,
          383, 382, 239, -1,
          384, 383, 239, -1,
          241, 372, 239, -1,
          385, 372, 241, -1,
          376, 385, 241, -1,
          366, 386, 364, -1,
          387, 386, 366, -1,
          388, 387, 366, -1,
          389, 239, 371, -1,
          384, 239, 389, -1,
          369, 384, 389, -1,
          390, 384, 369, -1,
          367, 390, 369, -1,
          388, 380, 381, -1,
          391, 380, 388, -1,
          366, 391, 388, -1,
          258, 393, 392, -1,
          259, 395, 394, -1,
          258, 396, 393, -1,
          397, 396, 258, -1,
          398, 397, 258, -1,
          205, 400, 399, -1,
          402, 401, 204, -1,
          259, 404, 403, -1,
          405, 404, 259, -1,
          394, 405, 259, -1,
          259, 402, 204, -1,
          406, 402, 259, -1,
          403, 406, 259, -1,
          408, 407, 204, -1,
          258, 409, 398, -1,
          410, 409, 258, -1,
          205, 410, 258, -1,
          411, 410, 205, -1,
          399, 411, 205, -1,
          205, 412, 400, -1,
          413, 412, 205, -1,
          414, 413, 205, -1,
          204, 416, 415, -1,
          419, 418, 417, -1,
          259, 420, 395, -1,
          421, 420, 259, -1,
          422, 421, 259, -1,
          259, 424, 423, -1,
          425, 424, 259, -1,
          258, 425, 259, -1,
          426, 425, 258, -1,
          392, 426, 258, -1,
          427, 204, 415, -1,
          204, 428, 416, -1,
          429, 428, 204, -1,
          401, 429, 204, -1,
          430, 259, 423, -1,
          422, 259, 430, -1,
          431, 422, 430, -1,
          432, 422, 431, -1,
          419, 432, 431, -1,
          433, 432, 419, -1,
          417, 433, 419, -1,
          436, 435, 434, -1,
          437, 435, 436, -1,
          205, 438, 414, -1,
          439, 438, 205, -1,
          204, 439, 205, -1,
          440, 439, 204, -1,
          407, 440, 204, -1,
          436, 427, 441, -1,
          204, 427, 436, -1,
          442, 204, 436, -1,
          408, 204, 442, -1,
          436, 443, 437, -1,
          444, 443, 436, -1,
          441, 444, 436, -1,
          419, 445, 418, -1,
          446, 445, 419, -1,
          434, 446, 419, -1,
          447, 446, 434, -1,
          435, 447, 434, -1,
          270, 190, 272, -1,
          192, 190, 270, -1,
          268, 192, 270, -1,
          194, 192, 268, -1,
          266, 194, 268, -1,
          196, 194, 266, -1,
          264, 196, 266, -1,
          198, 196, 264, -1,
          262, 198, 264, -1,
          200, 198, 262, -1,
          260, 200, 262, -1,
          202, 200, 260, -1,
          259, 202, 260, -1,
          204, 202, 259, -1,
          272, 254, 274, -1,
          256, 254, 272, -1,
          450, 449, 448, -1,
          188, 449, 450, -1,
          451, 188, 450, -1,
          454, 453, 452, -1,
          188, 272, 190, -1,
          256, 272, 188, -1,
          451, 256, 188, -1,
          453, 256, 451, -1,
          455, 453, 451, -1,
          452, 453, 455, -1,
          458, 457, 456, -1,
          459, 458, 456, -1,
          454, 461, 460, -1,
          462, 461, 454, -1,
          452, 462, 454, -1,
          450, 458, 459, -1,
          463, 458, 450, -1,
          448, 463, 450, -1,
          286, 240, 288, -1,
          242, 240, 286, -1,
          284, 242, 286, -1,
          244, 242, 284, -1,
          282, 244, 284, -1,
          246, 244, 282, -1,
          280, 246, 282, -1,
          248, 246, 280, -1,
          278, 248, 280, -1,
          250, 248, 278, -1,
          276, 250, 278, -1,
          252, 250, 276, -1,
          274, 252, 276, -1,
          254, 252, 274, -1,
          290, 465, 464, -1,
          240, 467, 466, -1,
          469, 468, 238, -1,
          238, 470, 469, -1,
          471, 470, 238, -1,
          472, 471, 238, -1,
          240, 473, 467, -1,
          474, 473, 240, -1,
          475, 474, 240, -1,
          476, 290, 464, -1,
          290, 477, 465, -1,
          478, 477, 290, -1,
          479, 478, 290, -1,
          238, 480, 472, -1,
          481, 480, 238, -1,
          290, 481, 238, -1,
          482, 481, 290, -1,
          476, 482, 290, -1,
          483, 240, 466, -1,
          288, 240, 483, -1,
          484, 288, 483, -1,
          288, 486, 485, -1,
          487, 486, 288, -1,
          484, 487, 288, -1,
          240, 489, 488, -1,
          288, 491, 490, -1,
          290, 492, 479, -1,
          493, 492, 290, -1,
          288, 493, 290, -1,
          494, 493, 288, -1,
          490, 494, 288, -1,
          288, 496, 495, -1,
          497, 496, 288, -1,
          485, 497, 288, -1,
          240, 498, 475, -1,
          499, 498, 240, -1,
          500, 499, 240, -1,
          238, 489, 240, -1,
          501, 489, 238, -1,
          468, 501, 238, -1,
          504, 503, 502, -1,
          507, 506, 505, -1,
          508, 506, 507, -1,
          509, 240, 488, -1,
          500, 240, 509, -1,
          502, 500, 509, -1,
          510, 500, 502, -1,
          503, 510, 502, -1,
          507, 495, 511, -1,
          288, 495, 507, -1,
          512, 288, 507, -1,
          491, 288, 512, -1,
          507, 513, 508, -1,
          514, 513, 507, -1,
          511, 514, 507, -1,
          502, 515, 504, -1,
          516, 515, 502, -1,
          517, 516, 502, -1,
          518, 516, 517, -1,
          505, 518, 517, -1,
          519, 518, 505, -1,
          506, 519, 505, -1,
          519, 381, 518, -1,
          388, 381, 519, -1,
          369, 518, 381, -1,
          516, 518, 369, -1,
          389, 516, 369, -1,
          515, 516, 389, -1,
          371, 515, 389, -1,
          504, 515, 371, -1,
          372, 504, 371, -1,
          503, 504, 372, -1,
          385, 503, 372, -1,
          510, 503, 385, -1,
          376, 510, 385, -1,
          500, 510, 376, -1,
          500, 377, 499, -1,
          376, 377, 500, -1,
          378, 499, 377, -1,
          498, 499, 378, -1,
          353, 498, 378, -1,
          475, 498, 353, -1,
          354, 475, 353, -1,
          474, 475, 354, -1,
          355, 474, 354, -1,
          473, 474, 355, -1,
          341, 473, 355, -1,
          467, 473, 341, -1,
          348, 467, 341, -1,
          466, 467, 348, -1,
          466, 349, 483, -1,
          348, 349, 466, -1,
          342, 483, 349, -1,
          484, 483, 342, -1,
          343, 484, 342, -1,
          487, 484, 343, -1,
          344, 487, 343, -1,
          486, 487, 344, -1,
          345, 486, 344, -1,
          485, 486, 345, -1,
          346, 485, 345, -1,
          497, 485, 346, -1,
          347, 497, 346, -1,
          496, 497, 347, -1,
          496, 350, 495, -1,
          347, 350, 496, -1,
          351, 495, 350, -1,
          511, 495, 351, -1,
          363, 511, 351, -1,
          514, 511, 363, -1,
          364, 514, 363, -1,
          513, 514, 364, -1,
          386, 513, 364, -1,
          508, 513, 386, -1,
          387, 508, 386, -1,
          506, 508, 387, -1,
          388, 506, 387, -1,
          519, 506, 388, -1,
          432, 182, 422, -1,
          181, 182, 432, -1,
          433, 181, 432, -1,
          171, 181, 433, -1,
          417, 171, 433, -1,
          170, 171, 417, -1,
          418, 170, 417, -1,
          169, 170, 418, -1,
          445, 169, 418, -1,
          180, 169, 445, -1,
          446, 180, 445, -1,
          179, 180, 446, -1,
          421, 182, 183, -1,
          422, 182, 421, -1,
          404, 174, 403, -1,
          173, 174, 404, -1,
          405, 173, 404, -1,
          172, 173, 405, -1,
          394, 172, 405, -1,
          157, 172, 394, -1,
          395, 157, 394, -1,
          155, 157, 395, -1,
          420, 155, 395, -1,
          154, 155, 420, -1,
          421, 154, 420, -1,
          183, 154, 421, -1,
          406, 174, 158, -1,
          403, 174, 406, -1,
          416, 176, 415, -1,
          175, 176, 416, -1,
          428, 175, 416, -1,
          163, 175, 428, -1,
          429, 163, 428, -1,
          162, 163, 429, -1,
          401, 162, 429, -1,
          161, 162, 401, -1,
          402, 161, 401, -1,
          159, 161, 402, -1,
          406, 159, 402, -1,
          158, 159, 406, -1,
          427, 176, 177, -1,
          415, 176, 427, -1,
          435, 178, 447, -1,
          168, 178, 435, -1,
          437, 168, 435, -1,
          167, 168, 437, -1,
          443, 167, 437, -1,
          166, 167, 443, -1,
          444, 166, 443, -1,
          165, 166, 444, -1,
          441, 165, 444, -1,
          164, 165, 441, -1,
          427, 164, 441, -1,
          177, 164, 427, -1,
          446, 178, 179, -1,
          447, 178, 446, -1,
          210, 208, 307, -1,
          309, 210, 307, -1,
          212, 210, 309, -1,
          311, 212, 309, -1,
          214, 212, 311, -1,
          313, 214, 311, -1,
          216, 214, 313, -1,
          315, 216, 313, -1,
          218, 216, 315, -1,
          317, 218, 315, -1,
          220, 218, 317, -1,
          319, 220, 317, -1,
          106, 105, 220, -1,
          220, 107, 106, -1,
          40, 107, 220, -1,
          319, 40, 220, -1,
          43, 40, 319, -1,
          307, 225, 305, -1,
          223, 225, 307, -1,
          521, 206, 520, -1,
          522, 206, 521, -1,
          206, 307, 208, -1,
          223, 307, 206, -1,
          522, 223, 206, -1,
          523, 223, 522, -1,
          524, 523, 522, -1,
          527, 526, 525, -1,
          522, 528, 524, -1,
          525, 528, 522, -1,
          529, 525, 522, -1,
          527, 525, 529, -1,
          532, 531, 530, -1,
          520, 533, 521, -1,
          534, 533, 520, -1,
          532, 534, 520, -1,
          535, 534, 532, -1,
          530, 535, 532, -1,
          237, 239, 291, -1,
          293, 237, 291, -1,
          235, 237, 293, -1,
          295, 235, 293, -1,
          233, 235, 295, -1,
          297, 233, 295, -1,
          231, 233, 297, -1,
          299, 231, 297, -1,
          229, 231, 299, -1,
          301, 229, 299, -1,
          227, 229, 301, -1,
          303, 227, 301, -1,
          225, 227, 303, -1,
          305, 225, 303, -1,
          318, 205, 258, -1,
          221, 205, 318, -1,
          316, 221, 318, -1,
          219, 221, 316, -1,
          314, 219, 316, -1,
          217, 219, 314, -1,
          312, 217, 314, -1,
          215, 217, 312, -1,
          310, 215, 312, -1,
          213, 215, 310, -1,
          308, 213, 310, -1,
          211, 213, 308, -1,
          306, 211, 308, -1,
          209, 211, 306, -1,
          304, 209, 306, -1,
          207, 209, 304, -1,
          537, 222, 536, -1,
          538, 222, 537, -1,
          541, 540, 539, -1,
          222, 304, 224, -1,
          207, 304, 222, -1,
          538, 207, 222, -1,
          540, 207, 538, -1,
          542, 540, 538, -1,
          539, 540, 542, -1,
          537, 544, 543, -1,
          545, 544, 537, -1,
          546, 545, 537, -1,
          537, 547, 546, -1,
          548, 547, 537, -1,
          536, 548, 537, -1,
          541, 550, 549, -1,
          551, 550, 541, -1,
          539, 551, 541, -1,
          302, 224, 304, -1,
          226, 224, 302, -1,
          300, 226, 302, -1,
          228, 226, 300, -1,
          298, 228, 300, -1,
          230, 228, 298, -1,
          296, 230, 298, -1,
          232, 230, 296, -1,
          294, 232, 296, -1,
          234, 232, 294, -1,
          292, 234, 294, -1,
          236, 234, 292, -1,
          290, 236, 292, -1,
          238, 236, 290, -1,
          391, 517, 380, -1,
          505, 517, 391, -1,
          390, 468, 384, -1,
          501, 468, 390, -1,
          367, 501, 390, -1,
          489, 501, 367, -1,
          368, 489, 367, -1,
          488, 489, 368, -1,
          370, 488, 368, -1,
          509, 488, 370, -1,
          379, 509, 370, -1,
          502, 509, 379, -1,
          380, 502, 379, -1,
          517, 502, 380, -1,
          384, 469, 383, -1,
          468, 469, 384, -1,
          362, 482, 361, -1,
          481, 482, 362, -1,
          373, 481, 362, -1,
          480, 481, 373, -1,
          374, 480, 373, -1,
          472, 480, 374, -1,
          375, 472, 374, -1,
          471, 472, 375, -1,
          382, 471, 375, -1,
          470, 471, 382, -1,
          383, 470, 382, -1,
          469, 470, 383, -1,
          361, 476, 360, -1,
          482, 476, 361, -1,
          337, 492, 336, -1,
          479, 492, 337, -1,
          338, 479, 337, -1,
          478, 479, 338, -1,
          339, 478, 338, -1,
          477, 478, 339, -1,
          340, 477, 339, -1,
          465, 477, 340, -1,
          359, 465, 340, -1,
          464, 465, 359, -1,
          360, 464, 359, -1,
          476, 464, 360, -1,
          336, 493, 358, -1,
          492, 493, 336, -1,
          366, 505, 391, -1,
          507, 505, 366, -1,
          365, 507, 366, -1,
          512, 507, 365, -1,
          352, 512, 365, -1,
          491, 512, 352, -1,
          356, 491, 352, -1,
          490, 491, 356, -1,
          357, 490, 356, -1,
          494, 490, 357, -1,
          358, 494, 357, -1,
          493, 494, 358, -1,
          431, 30, 419, -1,
          37, 30, 431, -1,
          430, 37, 431, -1,
          36, 37, 430, -1,
          423, 36, 430, -1,
          19, 36, 423, -1,
          424, 19, 423, -1,
          21, 19, 424, -1,
          425, 21, 424, -1,
          22, 21, 425, -1,
          426, 22, 425, -1,
          25, 22, 426, -1,
          392, 25, 426, -1,
          24, 25, 392, -1,
          51, 24, 392, -1,
          393, 51, 392, -1,
          50, 51, 393, -1,
          396, 50, 393, -1,
          49, 50, 396, -1,
          397, 49, 396, -1,
          45, 49, 397, -1,
          398, 45, 397, -1,
          44, 45, 398, -1,
          409, 44, 398, -1,
          54, 44, 409, -1,
          410, 54, 409, -1,
          53, 54, 410, -1,
          410, 52, 53, -1,
          411, 52, 410, -1,
          399, 52, 411, -1,
          42, 52, 399, -1,
          400, 42, 399, -1,
          41, 42, 400, -1,
          412, 41, 400, -1,
          39, 41, 412, -1,
          413, 39, 412, -1,
          38, 39, 413, -1,
          414, 38, 413, -1,
          48, 38, 414, -1,
          438, 48, 414, -1,
          47, 48, 438, -1,
          46, 439, 34, -1,
          438, 439, 46, -1,
          47, 438, 46, -1,
          440, 34, 439, -1,
          33, 34, 440, -1,
          407, 33, 440, -1,
          29, 33, 407, -1,
          408, 29, 407, -1,
          27, 29, 408, -1,
          442, 27, 408, -1,
          26, 27, 442, -1,
          436, 26, 442, -1,
          32, 26, 436, -1,
          434, 32, 436, -1,
          31, 32, 434, -1,
          434, 30, 31, -1,
          419, 30, 434, -1,
          320, 256, 453, -1,
          257, 256, 320, -1,
          332, 320, 453, -1,
          454, 332, 453, -1,
          331, 332, 454, -1,
          460, 331, 454, -1,
          330, 331, 460, -1,
          461, 330, 460, -1,
          335, 330, 461, -1,
          462, 335, 461, -1,
          334, 335, 462, -1,
          452, 334, 462, -1,
          333, 334, 452, -1,
          455, 333, 452, -1,
          321, 333, 455, -1,
          451, 321, 455, -1,
          322, 451, 450, -1,
          321, 451, 322, -1,
          329, 322, 450, -1,
          459, 329, 450, -1,
          327, 329, 459, -1,
          456, 327, 459, -1,
          326, 327, 456, -1,
          457, 326, 456, -1,
          325, 326, 457, -1,
          458, 325, 457, -1,
          328, 325, 458, -1,
          463, 328, 458, -1,
          324, 328, 463, -1,
          448, 324, 463, -1,
          323, 324, 448, -1,
          449, 323, 448, -1,
          189, 449, 188, -1,
          323, 449, 189, -1,
          520, 207, 540, -1,
          206, 207, 520, -1,
          532, 520, 540, -1,
          541, 532, 540, -1,
          531, 532, 541, -1,
          549, 531, 541, -1,
          530, 531, 549, -1,
          550, 530, 549, -1,
          535, 530, 550, -1,
          551, 535, 550, -1,
          534, 535, 551, -1,
          539, 534, 551, -1,
          533, 534, 539, -1,
          542, 533, 539, -1,
          521, 533, 542, -1,
          538, 521, 542, -1,
          522, 538, 537, -1,
          521, 538, 522, -1,
          529, 522, 537, -1,
          543, 529, 537, -1,
          527, 529, 543, -1,
          544, 527, 543, -1,
          526, 527, 544, -1,
          545, 526, 544, -1,
          525, 526, 545, -1,
          546, 525, 545, -1,
          528, 525, 546, -1,
          547, 528, 546, -1,
          524, 528, 547, -1,
          548, 524, 547, -1,
          523, 524, 548, -1,
          536, 523, 548, -1,
          223, 536, 222, -1,
          523, 536, 223, -1,
          554, 553, 552, -1,
          559, 553, 554, -1,
          555, 559, 554, -1,
          558, 559, 555, -1,
          556, 558, 555, -1,
          557, 558, 556, -1,
          560, 576, 561, -1,
          575, 576, 560, -1,
          574, 575, 560, -1,
          560, 567, 568, -1,
          566, 567, 560, -1,
          562, 566, 560, -1,
          560, 573, 574, -1,
          572, 573, 560, -1,
          571, 572, 560, -1,
          560, 570, 571, -1,
          569, 570, 560, -1,
          568, 569, 560, -1,
          566, 564, 565, -1,
          563, 564, 566, -1,
          562, 563, 566, -1,
          610, 596, 609, -1,
          595, 596, 610, -1,
          612, 609, 611, -1,
          610, 609, 612, -1,
          613, 612, 611, -1,
          614, 612, 613, -1,
          615, 614, 613, -1,
          616, 614, 615, -1,
          618, 615, 617, -1,
          616, 615, 618, -1,
          619, 618, 617, -1,
          620, 619, 617, -1,
          621, 619, 620, -1,
          622, 621, 620, -1,
          623, 621, 622, -1,
          624, 623, 622, -1,
          625, 623, 624, -1,
          626, 625, 624, -1,
          628, 626, 627, -1,
          625, 626, 628, -1,
          630, 627, 629, -1,
          628, 627, 630, -1,
          632, 629, 631, -1,
          630, 629, 632, -1,
          633, 632, 631, -1,
          634, 632, 633, -1,
          635, 634, 633, -1,
          636, 634, 635, -1,
          637, 636, 635, -1,
          638, 636, 637, -1,
          639, 638, 637, -1,
          640, 638, 639, -1,
          642, 639, 641, -1,
          640, 639, 642, -1,
          643, 642, 641, -1,
          644, 643, 641, -1,
          594, 643, 644, -1,
          593, 594, 644, -1,
          626, 629, 627, -1,
          631, 629, 626, -1,
          624, 631, 626, -1,
          633, 631, 624, -1,
          622, 633, 624, -1,
          635, 633, 622, -1,
          620, 635, 622, -1,
          637, 635, 620, -1,
          617, 637, 620, -1,
          639, 637, 617, -1,
          615, 639, 617, -1,
          641, 639, 615, -1,
          613, 641, 615, -1,
          644, 641, 613, -1,
          611, 644, 613, -1,
          593, 644, 611, -1,
          609, 593, 611, -1,
          596, 593, 609, -1,
          632, 628, 630, -1,
          625, 628, 632, -1,
          634, 625, 632, -1,
          623, 625, 634, -1,
          636, 623, 634, -1,
          621, 623, 636, -1,
          638, 621, 636, -1,
          619, 621, 638, -1,
          640, 619, 638, -1,
          618, 619, 640, -1,
          642, 618, 640, -1,
          616, 618, 642, -1,
          643, 616, 642, -1,
          614, 616, 643, -1,
          594, 614, 643, -1,
          612, 614, 594, -1,
          595, 612, 594, -1,
          610, 612, 595, -1,
          646, 600, 645, -1,
          599, 600, 646, -1,
          648, 645, 647, -1,
          646, 645, 648, -1,
          649, 648, 647, -1,
          650, 648, 649, -1,
          651, 650, 649, -1,
          652, 650, 651, -1,
          654, 651, 653, -1,
          652, 651, 654, -1,
          655, 654, 653, -1,
          656, 655, 653, -1,
          657, 655, 656, -1,
          658, 657, 656, -1,
          659, 657, 658, -1,
          660, 659, 658, -1,
          661, 659, 660, -1,
          662, 661, 660, -1,
          664, 662, 663, -1,
          661, 662, 664, -1,
          666, 663, 665, -1,
          664, 663, 666, -1,
          668, 665, 667, -1,
          666, 665, 668, -1,
          669, 668, 667, -1,
          670, 668, 669, -1,
          671, 670, 669, -1,
          672, 670, 671, -1,
          673, 672, 671, -1,
          674, 672, 673, -1,
          675, 674, 673, -1,
          676, 674, 675, -1,
          678, 675, 677, -1,
          676, 675, 678, -1,
          679, 678, 677, -1,
          680, 679, 677, -1,
          598, 679, 680, -1,
          597, 598, 680, -1,
          662, 665, 663, -1,
          667, 665, 662, -1,
          660, 667, 662, -1,
          669, 667, 660, -1,
          658, 669, 660, -1,
          671, 669, 658, -1,
          656, 671, 658, -1,
          673, 671, 656, -1,
          653, 673, 656, -1,
          675, 673, 653, -1,
          651, 675, 653, -1,
          677, 675, 651, -1,
          649, 677, 651, -1,
          680, 677, 649, -1,
          647, 680, 649, -1,
          597, 680, 647, -1,
          645, 597, 647, -1,
          600, 597, 645, -1,
          668, 664, 666, -1,
          661, 664, 668, -1,
          670, 661, 668, -1,
          659, 661, 670, -1,
          672, 659, 670, -1,
          657, 659, 672, -1,
          674, 657, 672, -1,
          655, 657, 674, -1,
          676, 655, 674, -1,
          654, 655, 676, -1,
          678, 654, 676, -1,
          652, 654, 678, -1,
          679, 652, 678, -1,
          650, 652, 679, -1,
          598, 650, 679, -1,
          648, 650, 598, -1,
          599, 648, 598, -1,
          646, 648, 599, -1,
          681, 605, 606, -1,
          682, 681, 606, -1,
          683, 681, 682, -1,
          684, 683, 682, -1,
          686, 684, 685, -1,
          683, 684, 686, -1,
          687, 686, 685, -1,
          688, 686, 687, -1,
          689, 688, 687, -1,
          690, 688, 689, -1,
          691, 690, 689, -1,
          692, 690, 691, -1,
          693, 692, 691, -1,
          694, 692, 693, -1,
          696, 693, 695, -1,
          694, 693, 696, -1,
          698, 695, 697, -1,
          696, 695, 698, -1,
          700, 697, 699, -1,
          698, 697, 700, -1,
          701, 700, 699, -1,
          702, 701, 699, -1,
          703, 701, 702, -1,
          704, 703, 702, -1,
          705, 703, 704, -1,
          706, 705, 704, -1,
          707, 705, 706, -1,
          708, 707, 706, -1,
          710, 708, 709, -1,
          707, 708, 710, -1,
          711, 710, 709, -1,
          712, 710, 711, -1,
          713, 712, 711, -1,
          714, 712, 713, -1,
          716, 713, 715, -1,
          714, 713, 716, -1,
          608, 715, 607, -1,
          716, 715, 608, -1,
          713, 607, 715, -1,
          606, 607, 713, -1,
          711, 606, 713, -1,
          682, 606, 711, -1,
          709, 682, 711, -1,
          684, 682, 709, -1,
          708, 684, 709, -1,
          685, 684, 708, -1,
          706, 685, 708, -1,
          687, 685, 706, -1,
          704, 687, 706, -1,
          689, 687, 704, -1,
          702, 689, 704, -1,
          691, 689, 702, -1,
          699, 691, 702, -1,
          693, 691, 699, -1,
          697, 693, 699, -1,
          695, 693, 697, -1,
          700, 696, 698, -1,
          694, 696, 700, -1,
          701, 694, 700, -1,
          692, 694, 701, -1,
          703, 692, 701, -1,
          690, 692, 703, -1,
          705, 690, 703, -1,
          688, 690, 705, -1,
          707, 688, 705, -1,
          686, 688, 707, -1,
          710, 686, 707, -1,
          683, 686, 710, -1,
          712, 683, 710, -1,
          681, 683, 712, -1,
          714, 681, 712, -1,
          605, 681, 714, -1,
          716, 605, 714, -1,
          608, 605, 716, -1,
          717, 601, 602, -1,
          718, 717, 602, -1,
          719, 717, 718, -1,
          720, 719, 718, -1,
          722, 720, 721, -1,
          719, 720, 722, -1,
          723, 722, 721, -1,
          724, 722, 723, -1,
          725, 724, 723, -1,
          726, 724, 725, -1,
          727, 726, 725, -1,
          728, 726, 727, -1,
          729, 728, 727, -1,
          730, 728, 729, -1,
          732, 729, 731, -1,
          730, 729, 732, -1,
          734, 731, 733, -1,
          732, 731, 734, -1,
          736, 733, 735, -1,
          734, 733, 736, -1,
          737, 736, 735, -1,
          738, 737, 735, -1,
          739, 737, 738, -1,
          740, 739, 738, -1,
          741, 739, 740, -1,
          742, 741, 740, -1,
          743, 741, 742, -1,
          744, 743, 742, -1,
          746, 744, 745, -1,
          743, 744, 746, -1,
          747, 746, 745, -1,
          748, 746, 747, -1,
          749, 748, 747, -1,
          750, 748, 749, -1,
          752, 749, 751, -1,
          750, 749, 752, -1,
          604, 751, 603, -1,
          752, 751, 604, -1,
          749, 603, 751, -1,
          602, 603, 749, -1,
          747, 602, 749, -1,
          718, 602, 747, -1,
          745, 718, 747, -1,
          720, 718, 745, -1,
          744, 720, 745, -1,
          721, 720, 744, -1,
          742, 721, 744, -1,
          723, 721, 742, -1,
          740, 723, 742, -1,
          725, 723, 740, -1,
          738, 725, 740, -1,
          727, 725, 738, -1,
          735, 727, 738, -1,
          729, 727, 735, -1,
          733, 729, 735, -1,
          731, 729, 733, -1,
          736, 732, 734, -1,
          730, 732, 736, -1,
          737, 730, 736, -1,
          728, 730, 737, -1,
          739, 728, 737, -1,
          726, 728, 739, -1,
          741, 726, 739, -1,
          724, 726, 741, -1,
          743, 724, 741, -1,
          722, 724, 743, -1,
          746, 722, 743, -1,
          719, 722, 746, -1,
          748, 719, 746, -1,
          717, 719, 748, -1,
          750, 717, 748, -1,
          601, 717, 750, -1,
          752, 601, 750, -1,
          604, 601, 752, -1,
          589, 754, 753, -1,
          590, 754, 589, -1,
          592, 753, 755, -1,
          589, 753, 592, -1,
          591, 755, 756, -1,
          592, 755, 591, -1,
          590, 756, 754, -1,
          591, 756, 590, -1,
          753, 756, 755, -1,
          754, 756, 753, -1,
          587, 758, 757, -1,
          586, 758, 587, -1,
          588, 757, 759, -1,
          587, 757, 588, -1,
          585, 759, 760, -1,
          588, 759, 585, -1,
          586, 760, 758, -1,
          585, 760, 586, -1,
          757, 760, 759, -1,
          758, 760, 757, -1,
          580, 762, 761, -1,
          579, 762, 580, -1,
          577, 761, 763, -1,
          580, 761, 577, -1,
          578, 763, 764, -1,
          577, 763, 578, -1,
          579, 764, 762, -1,
          578, 764, 579, -1,
          761, 764, 763, -1,
          762, 764, 761, -1,
          584, 766, 765, -1,
          581, 766, 584, -1,
          583, 765, 767, -1,
          584, 765, 583, -1,
          582, 767, 768, -1,
          583, 767, 582, -1,
          581, 768, 766, -1,
          582, 768, 581, -1,
          765, 768, 767, -1,
          766, 768, 765, -1,
        ]
      }
    }
    # Material 2; 327 triangles
    Shape {
      appearance Appearance {
        material Material {
          diffuseColor 1 1 1
          specularColor 0.878431 0.878431 0.878431
          shininess 0.35
          transparency 0
        }
      }
      geometry IndexedFaceSet {
        solid FALSE
        creaseAngle 0.5
        coord Coordinate {
          point [
            0.5609185 1.2767114 1.7716535,
            0.5434063 1.3281646 1.7716535,
            0.72356024 1.2767114 1.7716535,
            0.76339528 1.3871398 1.7716535,
            0.82101024 1.3871398 1.7716535,
            0.66737087 0.99343898 1.7716535,
            0.52333386 1.3871398 1.7716535,
            0.46571929 1.3871398 1.7716535,
            0.5434063 1.1816445 1.7716535,
            0.61455748 0.99343898 1.7716535,
            -0.2448626 1.3235236 1.7716535,
            -0.2448626 1.3667346 1.7716535,
            -0.28682913 1.3839657 1.7716535,
            -0.32661142 1.3895406 1.7716535,
            -0.30272126 0.99103858 1.7716535,
            -0.2903811 0.99189016 1.7716535,
            -0.2448626 1.0042417 1.7716535,
            -0.2448626 1.0570555 1.7716535,
            -0.28920906 1.0380657 1.7716535,
            -0.2519189 1.3274319 1.7716535,
            -0.33706142 1.0318488 1.7716535,
            -0.37582835 1.0362024 1.7716535,
            -0.40529646 1.0468374 1.7716535,
            -0.43254606 1.0650673 1.7716535,
            -0.45632087 1.0913138 1.7716535,
            -0.48492402 1.1944906 1.7716535,
            -0.4809378 1.237111 1.7716535,
            -0.47024173 1.2709748 1.7716535,
            -0.38263504 1.344611 1.7716535,
            -0.34591339 1.3487299 1.7716535,
            -0.41132165 1.33405 1.7716535,
            -0.43548386 1.3177646 1.7716535,
            -0.45395866 1.298274 1.7716535,
            -0.29365315 1.3429295 1.7716535,
            -0.47255197 1.1217118 1.7716535,
            -0.48304606 1.1638583 1.7716535,
            -0.33751142 0.9886378 1.7716535,
            -0.47153622 1.3535531 1.7716535,
            -0.50110827 1.3224201 1.7716535,
            -0.5220815 1.2849846 1.7716535,
            -0.51695984 1.0971343 1.7716535,
            -0.49388386 1.060326 1.7716535,
            -0.45833976 1.0261421 1.7716535,
            -0.37634291 1.3895406 1.7716535,
            -0.40170827 1.3869102 1.7716535,
            -0.43986732 1.3737756 1.7716535,
            -0.42094449 1.0046165 1.7716535,
            -0.37705472 0.99186614 1.7716535,
            -0.36691693 0.99103858 1.7716535,
            -0.53393071 1.2433118 1.7716535,
            -0.5377378 1.1977161 1.7716535,
            -0.53207402 1.1417437 1.7716535,
            -0.35319055 1.3919409 1.7716535,
            -0.34242559 1.3917563 1.7716535,
            -0.57134646 1.3439287 1.7716535,
            -0.57134646 1.3871398 1.7716535,
            -0.77299803 1.3871398 1.7716535,
            -0.72018425 1.3439287 1.7716535,
            -0.72018425 0.99343898 1.7716535,
            -0.77299803 0.99343898 1.7716535,
            0.033608661 0.99343898 1.7716535,
            0.033608661 1.03665 1.7716535,
            0.043211024 1.3439287 1.7716535,
            0.043211024 1.3871398 1.7716535,
            -0.16804291 1.3871398 1.7716535,
            -0.16804291 0.99343898 1.7716535,
            -0.11522953 1.2094945 1.7716535,
            -0.11522953 1.3439287 1.7716535,
            0.024006299 1.2094945 1.7716535,
            0.024006299 1.1662831 1.7716535,
            -0.11522953 1.1662831 1.7716535,
            -0.11522953 1.03665 1.7716535,
            0.23113425 0.99343898 1.7716535,
            0.28801299 0.99951929 1.7716535,
            0.33407677 1.0156941 1.7716535,
            0.37692756 1.0444114 1.7716535,
            0.41725236 1.279235 1.7716535,
            0.3946748 1.3144492 1.7716535,
            0.36226969 1.3454768 1.7716535,
            0.32116181 1.3693657 1.7716535,
            0.37733937 1.0447732 1.7716535,
            0.40517992 1.0756441 1.7716535,
            0.42347638 1.1095031 1.7716535,
            0.27579646 1.3828878 1.7716535,
            0.22708307 1.3871398 1.7716535,
            0.12003071 1.3871398 1.7716535,
            0.12003071 0.99343898 1.7716535,
            0.43405079 1.1482929 1.7716535,
            0.43691181 1.1853382 1.7716535,
            0.4313874 1.2380268 1.7716535,
            0.66737087 0.99343898 1.7637795,
            0.82101024 1.3871398 1.7637795,
            0.76339528 1.3871398 1.7637795,
            0.72356024 1.2767114 1.7637795,
            0.5609185 1.2767114 1.7637795,
            0.52333386 1.3871398 1.7637795,
            0.46571929 1.3871398 1.7637795,
            0.61455748 0.99343898 1.7637795,
            0.57419685 1.2335004 1.7637795,
            0.63293701 1.0690583 1.7637795,
            0.63672598 1.0554039 1.7637795,
            0.63923858 1.0414512 1.7637795,
            0.64051417 1.0414512 1.7637795,
            0.64308307 1.0553622 1.7637795,
            0.70585591 1.2335004 1.7637795,
            0.64659055 1.0690583 1.7637795,
            0.57419685 1.2335004 1.7716535,
            0.70585591 1.2335004 1.7716535,
            0.63293701 1.0690583 1.7716535,
            0.63672598 1.0554039 1.7716535,
            0.63923858 1.0414512 1.7716535,
            0.64051417 1.0414512 1.7716535,
            0.64308307 1.0553622 1.7716535,
            0.64659055 1.0690583 1.7716535,
            0.22708307 1.3871398 1.7637795,
            0.12003071 1.3871398 1.7637795,
            0.12003071 0.99343898 1.7637795,
            0.23113425 0.99343898 1.7637795,
            0.43691181 1.1853382 1.7637795,
            0.43405079 1.1482929 1.7637795,
            0.42347638 1.1095031 1.7637795,
            0.40517992 1.0756441 1.7637795,
            0.37733937 1.0447732 1.7637795,
            0.37692756 1.0444114 1.7637795,
            0.33407677 1.0156941 1.7637795,
            0.28801299 0.99951929 1.7637795,
            0.27579646 1.3828878 1.7637795,
            0.32116181 1.3693657 1.7637795,
            0.36226969 1.3454768 1.7637795,
            0.3946748 1.3144492 1.7637795,
            0.41725236 1.279235 1.7637795,
            0.4313874 1.2380268 1.7637795,
            0.35788583 1.0918591 1.7637795,
            0.3387626 1.0715543 1.7637795,
            0.31000472 1.052976 1.7637795,
            0.27750709 1.0416035 1.7637795,
            0.23090906 1.03665 1.7637795,
            0.17284409 1.03665 1.7637795,
            0.17284409 1.3439287 1.7637795,
            0.22873346 1.3439287 1.7637795,
            0.27026929 1.3400626 1.7637795,
            0.30339961 1.3297213 1.7637795,
            0.33024961 1.3137776 1.7637795,
            0.3523311 1.2919673 1.7637795,
            0.36893661 1.2648228 1.7637795,
            0.38048346 1.227815 1.7637795,
            0.38409843 1.1864634 1.7637795,
            0.38075354 1.1472807 1.7637795,
            0.37156299 1.1161413 1.7637795,
            0.23090906 1.03665 1.7716535,
            0.17284409 1.03665 1.7716535,
            0.27750709 1.0416035 1.7716535,
            0.31000472 1.052976 1.7716535,
            0.3387626 1.0715543 1.7716535,
            0.35788583 1.0918591 1.7716535,
            0.37156299 1.1161413 1.7716535,
            0.38075354 1.1472807 1.7716535,
            0.38409843 1.1864634 1.7716535,
            0.38048346 1.227815 1.7716535,
            0.36893661 1.2648228 1.7716535,
            0.3523311 1.2919673 1.7716535,
            0.33024961 1.3137776 1.7716535,
            0.30339961 1.3297213 1.7716535,
            0.27026929 1.3400626 1.7716535,
            0.22873346 1.3439287 1.7716535,
            0.17284409 1.3439287 1.7716535,
            0.043211024 1.3439287 1.7637795,
            0.043211024 1.3871398 1.7637795,
            -0.16804291 1.3871398 1.7637795,
            -0.16804291 0.99343898 1.7637795,
            0.033608661 0.99343898 1.7637795,
            0.033608661 1.03665 1.7637795,
            -0.11522953 1.03665 1.7637795,
            -0.11522953 1.1662831 1.7637795,
            0.024006299 1.1662831 1.7637795,
            0.024006299 1.2094945 1.7637795,
            -0.11522953 1.2094945 1.7637795,
            -0.11522953 1.3439287 1.7637795,
            -0.2448626 1.3235236 1.7637795,
            -0.2448626 1.3667346 1.7637795,
            -0.28682913 1.3839657 1.7637795,
            -0.35319055 1.3919409 1.7637795,
            -0.34242559 1.3917563 1.7637795,
            -0.5377378 1.1977161 1.7637795,
            -0.53393071 1.2433118 1.7637795,
            -0.5220815 1.2849846 1.7637795,
            -0.50110827 1.3224201 1.7637795,
            -0.47153622 1.3535531 1.7637795,
            -0.43986732 1.3737756 1.7637795,
            -0.40170827 1.3869102 1.7637795,
            -0.33751142 0.9886378 1.7637795,
            -0.37705472 0.99186614 1.7637795,
            -0.42094449 1.0046165 1.7637795,
            -0.45833976 1.0261421 1.7637795,
            -0.49388386 1.060326 1.7637795,
            -0.51695984 1.0971343 1.7637795,
            -0.53207402 1.1417437 1.7637795,
            -0.2903811 0.99189016 1.7637795,
            -0.2448626 1.0042417 1.7637795,
            -0.2448626 1.0570555 1.7637795,
            -0.33706142 1.0318488 1.7637795,
            -0.28920906 1.0380657 1.7637795,
            -0.48492402 1.1944906 1.7637795,
            -0.48304606 1.1638583 1.7637795,
            -0.47255197 1.1217118 1.7637795,
            -0.45632087 1.0913138 1.7637795,
            -0.43254606 1.0650673 1.7637795,
            -0.40529646 1.0468374 1.7637795,
            -0.37582835 1.0362024 1.7637795,
            -0.34591339 1.3487299 1.7637795,
            -0.38263504 1.344611 1.7637795,
            -0.41132165 1.33405 1.7637795,
            -0.43548386 1.3177646 1.7637795,
            -0.45395866 1.298274 1.7637795,
            -0.47024173 1.2709748 1.7637795,
            -0.4809378 1.237111 1.7637795,
            -0.2519189 1.3274319 1.7637795,
            -0.29365315 1.3429295 1.7637795,
            -0.57134646 1.3439287 1.7637795,
            -0.57134646 1.3871398 1.7637795,
            -0.77299803 1.3871398 1.7637795,
            -0.77299803 0.99343898 1.7637795,
            -0.72018425 0.99343898 1.7637795,
            -0.72018425 1.3439287 1.7637795,
          ]
        }
        coordIndex [
          5, 91, 90, -1,
          4, 91, 5, -1,
          4, 92, 91, -1,
          3, 92, 4, -1,
          3, 93, 92, -1,
          2, 93, 3, -1,
          2, 94, 93, -1,
          0, 94, 2, -1,
          1, 94, 0, -1,
          95, 94, 1, -1,
          6, 95, 1, -1,
          6, 96, 95, -1,
          7, 96, 6, -1,
          8, 96, 7, -1,
          97, 96, 8, -1,
          9, 97, 8, -1,
          9, 90, 97, -1,
          5, 90, 9, -1,
          97, 99, 98, -1,
          94, 95, 96, -1,
          97, 100, 99, -1,
          101, 100, 97, -1,
          90, 101, 97, -1,
          102, 101, 90, -1,
          103, 102, 90, -1,
          98, 96, 97, -1,
          94, 96, 98, -1,
          104, 94, 98, -1,
          93, 94, 104, -1,
          90, 105, 103, -1,
          104, 105, 90, -1,
          91, 104, 90, -1,
          93, 104, 91, -1,
          92, 93, 91, -1,
          106, 104, 98, -1,
          107, 104, 106, -1,
          108, 98, 99, -1,
          106, 98, 108, -1,
          109, 108, 99, -1,
          100, 109, 99, -1,
          110, 109, 100, -1,
          101, 110, 100, -1,
          111, 101, 102, -1,
          110, 101, 111, -1,
          112, 111, 102, -1,
          103, 112, 102, -1,
          113, 112, 103, -1,
          105, 113, 103, -1,
          107, 105, 104, -1,
          113, 105, 107, -1,
          84, 115, 114, -1,
          85, 115, 84, -1,
          85, 116, 115, -1,
          86, 116, 85, -1,
          86, 117, 116, -1,
          72, 117, 86, -1,
          87, 88, 118, -1,
          119, 87, 118, -1,
          82, 87, 119, -1,
          120, 82, 119, -1,
          81, 82, 120, -1,
          121, 81, 120, -1,
          80, 81, 121, -1,
          122, 80, 121, -1,
          75, 80, 122, -1,
          123, 75, 122, -1,
          74, 75, 123, -1,
          124, 74, 123, -1,
          73, 74, 124, -1,
          125, 73, 124, -1,
          72, 73, 125, -1,
          117, 72, 125, -1,
          83, 84, 114, -1,
          126, 83, 114, -1,
          79, 83, 126, -1,
          127, 79, 126, -1,
          78, 79, 127, -1,
          128, 78, 127, -1,
          77, 78, 128, -1,
          129, 77, 128, -1,
          76, 77, 129, -1,
          130, 76, 129, -1,
          89, 76, 130, -1,
          131, 89, 130, -1,
          88, 89, 131, -1,
          118, 88, 131, -1,
          132, 121, 120, -1,
          122, 121, 132, -1,
          133, 122, 132, -1,
          123, 122, 133, -1,
          134, 123, 133, -1,
          124, 123, 134, -1,
          135, 124, 134, -1,
          125, 124, 135, -1,
          136, 125, 135, -1,
          117, 125, 136, -1,
          137, 117, 136, -1,
          116, 117, 137, -1,
          138, 116, 137, -1,
          115, 116, 138, -1,
          139, 115, 138, -1,
          114, 115, 139, -1,
          140, 114, 139, -1,
          126, 114, 140, -1,
          141, 126, 140, -1,
          127, 126, 141, -1,
          142, 127, 141, -1,
          128, 127, 142, -1,
          143, 128, 142, -1,
          129, 128, 143, -1,
          144, 129, 143, -1,
          130, 129, 144, -1,
          145, 130, 144, -1,
          131, 130, 145, -1,
          146, 131, 145, -1,
          118, 131, 146, -1,
          147, 118, 146, -1,
          119, 118, 147, -1,
          148, 119, 147, -1,
          120, 119, 148, -1,
          132, 120, 148, -1,
          149, 137, 136, -1,
          150, 137, 149, -1,
          151, 149, 136, -1,
          135, 151, 136, -1,
          152, 151, 135, -1,
          134, 152, 135, -1,
          153, 152, 134, -1,
          133, 153, 134, -1,
          154, 153, 133, -1,
          132, 154, 133, -1,
          155, 154, 132, -1,
          148, 155, 132, -1,
          156, 155, 148, -1,
          147, 156, 148, -1,
          157, 156, 147, -1,
          146, 157, 147, -1,
          158, 157, 146, -1,
          145, 158, 146, -1,
          159, 158, 145, -1,
          144, 159, 145, -1,
          160, 159, 144, -1,
          143, 160, 144, -1,
          161, 160, 143, -1,
          142, 161, 143, -1,
          162, 161, 142, -1,
          141, 162, 142, -1,
          163, 162, 141, -1,
          140, 163, 141, -1,
          164, 163, 140, -1,
          139, 164, 140, -1,
          165, 139, 138, -1,
          164, 139, 165, -1,
          150, 138, 137, -1,
          165, 138, 150, -1,
          62, 167, 166, -1,
          63, 167, 62, -1,
          63, 168, 167, -1,
          64, 168, 63, -1,
          64, 169, 168, -1,
          65, 169, 64, -1,
          65, 170, 169, -1,
          60, 170, 65, -1,
          60, 171, 170, -1,
          61, 171, 60, -1,
          61, 172, 171, -1,
          71, 172, 61, -1,
          71, 173, 172, -1,
          70, 173, 71, -1,
          70, 174, 173, -1,
          69, 174, 70, -1,
          69, 175, 174, -1,
          68, 175, 69, -1,
          68, 176, 175, -1,
          66, 176, 68, -1,
          66, 177, 176, -1,
          67, 177, 66, -1,
          67, 166, 177, -1,
          62, 166, 67, -1,
          166, 167, 168, -1,
          168, 177, 166, -1,
          176, 177, 168, -1,
          169, 176, 168, -1,
          172, 170, 171, -1,
          169, 170, 172, -1,
          173, 169, 172, -1,
          176, 169, 173, -1,
          174, 176, 173, -1,
          175, 176, 174, -1,
          10, 179, 178, -1,
          11, 179, 10, -1,
          180, 179, 11, -1,
          53, 52, 181, -1,
          182, 53, 181, -1,
          13, 53, 182, -1,
          180, 13, 182, -1,
          12, 13, 180, -1,
          11, 12, 180, -1,
          49, 50, 183, -1,
          184, 49, 183, -1,
          39, 49, 184, -1,
          185, 39, 184, -1,
          38, 39, 185, -1,
          186, 38, 185, -1,
          37, 38, 186, -1,
          187, 37, 186, -1,
          45, 37, 187, -1,
          188, 45, 187, -1,
          44, 45, 188, -1,
          189, 44, 188, -1,
          181, 44, 189, -1,
          43, 44, 181, -1,
          52, 43, 181, -1,
          191, 36, 190, -1,
          48, 36, 191, -1,
          191, 47, 48, -1,
          46, 47, 191, -1,
          192, 46, 191, -1,
          42, 46, 192, -1,
          193, 42, 192, -1,
          41, 42, 193, -1,
          194, 41, 193, -1,
          40, 41, 194, -1,
          195, 40, 194, -1,
          51, 40, 195, -1,
          196, 51, 195, -1,
          50, 51, 196, -1,
          183, 50, 196, -1,
          14, 190, 36, -1,
          197, 190, 14, -1,
          15, 197, 14, -1,
          198, 197, 15, -1,
          16, 198, 15, -1,
          16, 199, 198, -1,
          17, 199, 16, -1,
          18, 20, 200, -1,
          201, 18, 200, -1,
          17, 18, 201, -1,
          199, 17, 201, -1,
          35, 25, 202, -1,
          203, 35, 202, -1,
          34, 35, 203, -1,
          204, 34, 203, -1,
          24, 34, 204, -1,
          205, 24, 204, -1,
          23, 24, 205, -1,
          206, 23, 205, -1,
          22, 23, 206, -1,
          207, 22, 206, -1,
          21, 22, 207, -1,
          208, 21, 207, -1,
          20, 21, 208, -1,
          200, 20, 208, -1,
          28, 29, 209, -1,
          210, 28, 209, -1,
          30, 28, 210, -1,
          211, 30, 210, -1,
          31, 30, 211, -1,
          212, 31, 211, -1,
          32, 31, 212, -1,
          213, 32, 212, -1,
          27, 32, 213, -1,
          214, 27, 213, -1,
          26, 27, 214, -1,
          215, 26, 214, -1,
          25, 26, 215, -1,
          202, 25, 215, -1,
          19, 10, 178, -1,
          216, 19, 178, -1,
          33, 19, 216, -1,
          217, 33, 216, -1,
          29, 33, 217, -1,
          209, 29, 217, -1,
          209, 181, 210, -1,
          182, 181, 209, -1,
          217, 182, 209, -1,
          180, 182, 217, -1,
          216, 180, 217, -1,
          179, 180, 216, -1,
          178, 179, 216, -1,
          201, 198, 199, -1,
          197, 198, 201, -1,
          200, 197, 201, -1,
          190, 197, 200, -1,
          208, 190, 200, -1,
          191, 190, 208, -1,
          207, 191, 208, -1,
          192, 191, 207, -1,
          206, 192, 207, -1,
          193, 192, 206, -1,
          205, 193, 206, -1,
          194, 193, 205, -1,
          204, 194, 205, -1,
          195, 194, 204, -1,
          203, 195, 204, -1,
          196, 195, 203, -1,
          202, 196, 203, -1,
          183, 196, 202, -1,
          215, 183, 202, -1,
          184, 183, 215, -1,
          214, 184, 215, -1,
          185, 184, 214, -1,
          213, 185, 214, -1,
          186, 185, 213, -1,
          212, 186, 213, -1,
          187, 186, 212, -1,
          211, 187, 212, -1,
          188, 187, 211, -1,
          210, 188, 211, -1,
          189, 188, 210, -1,
          181, 189, 210, -1,
          54, 219, 218, -1,
          55, 219, 54, -1,
          55, 220, 219, -1,
          56, 220, 55, -1,
          56, 221, 220, -1,
          59, 221, 56, -1,
          59, 222, 221, -1,
          58, 222, 59, -1,
          58, 223, 222, -1,
          57, 223, 58, -1,
          57, 218, 223, -1,
          54, 218, 57, -1,
          223, 221, 222, -1,
          220, 221, 223, -1,
          218, 220, 223, -1,
          219, 220, 218, -1,
        ]
      }
    }
    # Material 3; 294 triangles
    Shape {
      appearance Appearance {
        material Material {
          diffuseColor 1 1 1
          specularColor 0.301961 0.301961 0.301961
          shininess 0.35
          transparency 0
        }
      }
      geometry IndexedFaceSet {
        solid FALSE
        creaseAngle 0.5
        coord Coordinate {
          point [
            -2.2440945 2.7559055 0.13779528,
            -2.2436012 2.7559055 0.13341496,
            -2.2421449 2.7559055 0.12925433,
            -2.2398 2.7559055 0.12552165,
            -2.2366827 2.7559055 0.12240472,
            -2.2329504 2.7559055 0.12005984,
            -2.2287898 2.7559055 0.11860394,
            -2.2244094 2.7559055 0.11811024,
            2.2244094 2.7559055 0.11811024,
            2.2287898 2.7559055 0.11860394,
            2.2329504 2.7559055 0.12005984,
            2.2366827 2.7559055 0.12240472,
            2.2398 2.7559055 0.12552165,
            2.2421449 2.7559055 0.12925433,
            2.2436012 2.7559055 0.13341496,
            2.2440945 2.7559055 0.13779528,
            -1.5354331 3.0314961 1.023622,
            -2.2440945 3.0314961 1.6338583,
            -1.5354331 3.0314961 0.94488189,
            -2.2440945 3.0314961 0.88582677,
            -1.2204724 3.0314961 0.94488189,
            -2.2287898 3.0314961 1.6530496,
            -2.2329504 3.0314961 1.6515937,
            -2.2366827 3.0314961 1.6492488,
            -2.2398 3.0314961 1.6461319,
            -2.2421449 3.0314961 1.6423992,
            -2.2436012 3.0314961 1.6382386,
            2.2440945 3.0314961 1.6338583,
            2.2436012 3.0314961 1.6382386,
            2.2421449 3.0314961 1.6423992,
            2.2398 3.0314961 1.6461319,
            -2.2244094 3.0314961 1.6535433,
            -1.2204724 3.0314961 1.023622,
            2.2244094 3.0314961 1.6535433,
            2.2287898 3.0314961 1.6530496,
            2.2366827 3.0314961 1.6492488,
            2.2329504 3.0314961 1.6515937,
            2.2440945 3.0314961 0.88582677,
            -0.23622047 3.0314961 0.94488189,
            -0.5511811 3.0314961 0.94488189,
            -0.5511811 3.0314961 1.023622,
            -0.23622047 3.0314961 1.023622,
            0.5511811 3.0314961 1.023622,
            0.23622047 3.0314961 1.023622,
            0.23622047 3.0314961 0.94488189,
            0.5511811 3.0314961 0.94488189,
            1.2204724 3.0314961 0.94488189,
            1.2204724 3.0314961 1.023622,
            1.5354331 3.0314961 1.023622,
            1.5354331 3.0314961 0.94488189,
            1.1614173 -1.9685039 0.90551181,
            1.1614173 0.78740157 0.90551181,
            0.61023622 0.78740157 0.90551181,
            2.2440945 -2.5590551 0.90551181,
            2.2440945 0.78740157 0.90551181,
            1.5944882 0.78740157 0.90551181,
            -0.61023622 -1.9685039 0.90551181,
            -0.61023622 0.78740157 0.90551181,
            -1.1614173 0.78740157 0.90551181,
            0.17716535 0.78740157 0.90551181,
            -0.17716535 0.78740157 0.90551181,
            0.17716535 -1.9685039 0.90551181,
            -0.17716535 -1.9685039 0.90551181,
            -1.5944882 0.78740157 0.90551181,
            -2.2440945 0.78740157 0.90551181,
            -1.5944882 -1.9685039 0.90551181,
            -2.2440945 -2.5590551 0.90551181,
            -1.1614173 -1.9685039 0.90551181,
            0.61023622 -1.9685039 0.90551181,
            1.5944882 -1.9685039 0.90551181,
            -2.2440945 0.78740157 1.6338583,
            -2.2440945 0.78740157 1.4566929,
            -2.2440945 0.78740157 0.13779528,
            -2.2440945 2.7559055 0.88582677,
            -2.2440945 -2.5590551 1.4566929,
            2.2440945 -2.5590551 1.4566929,
            2.2440945 0.78740157 1.4566929,
            2.2440945 0.78740157 0.13779528,
            2.2440945 2.7559055 0.88582677,
            2.2440945 0.78740157 1.6338583,
            -2.0472441 0.78740157 1.6535433,
            -2.2244094 0.78740157 1.6535433,
            2.2244094 0.78740157 1.6535433,
            2.0472441 0.78740157 1.6535433,
            2.0472441 -2.7559055 1.6535433,
            -2.0472441 -2.7559055 1.6535433,
            2.0472441 -2.7559055 1.1023622,
            -2.0472441 -2.7559055 1.1023622,
            2.0981929 0.78740157 1.6468358,
            2.0981929 -2.7049571 1.6468358,
            2.1456693 0.78740157 1.6271705,
            2.1456693 -2.6574803 1.6271705,
            2.1864386 0.78740157 1.595887,
            2.1864386 -2.616711 1.595887,
            2.2177217 0.78740157 1.5551181,
            2.2177217 -2.5854283 1.5551181,
            2.2034161 -2.5997335 1.576528,
            2.237387 0.78740157 1.5076413,
            2.2424106 -2.5607394 1.482387,
            2.237387 -2.5657626 1.5076413,
            2.2291102 -2.5740394 1.5320244,
            -2.2424106 -2.5607394 1.482387,
            -2.237387 0.78740157 1.5076413,
            -2.237387 -2.5657626 1.5076413,
            -2.2291102 -2.5740394 1.5320244,
            -2.2177217 0.78740157 1.5551181,
            -2.2177217 -2.5854283 1.5551181,
            -2.2034161 -2.5997335 1.576528,
            -2.1864386 0.78740157 1.595887,
            -2.1864386 -2.616711 1.595887,
            -2.1456693 0.78740157 1.6271705,
            -2.1456693 -2.6574803 1.6271705,
            -2.0981929 0.78740157 1.6468358,
            -2.0981929 -2.7049571 1.6468358,
            2.2398 0.78740157 1.6461319,
            2.2366827 0.78740157 1.6492488,
            2.2329504 0.78740157 1.6515937,
            2.2436012 0.78740157 1.6382386,
            2.2421449 0.78740157 1.6423992,
            2.2287898 0.78740157 1.6530496,
            -2.2421449 0.78740157 1.6423992,
            -2.2398 0.78740157 1.6461319,
            -2.2366827 0.78740157 1.6492488,
            -2.2436012 0.78740157 1.6382386,
            -2.2287898 0.78740157 1.6530496,
            -2.2329504 0.78740157 1.6515937,
            -1.5944882 0.78740157 1.023622,
            -1.1614173 0.78740157 1.023622,
            2.2244094 0.78740157 0.11811024,
            -2.2244094 0.78740157 0.11811024,
            -2.2436012 0.78740157 0.13341496,
            -2.2287898 0.78740157 0.11860394,
            -2.2329504 0.78740157 0.12005984,
            -2.2366827 0.78740157 0.12240472,
            -2.2398 0.78740157 0.12552165,
            -2.2421449 0.78740157 0.12925433,
            0.17716535 0.78740157 1.023622,
            0.61023622 0.78740157 1.023622,
            -0.17716535 0.78740157 1.023622,
            -0.61023622 0.78740157 1.023622,
            1.1614173 0.78740157 1.023622,
            1.5944882 0.78740157 1.023622,
            2.2436012 0.78740157 0.13341496,
            2.2421449 0.78740157 0.12925433,
            2.2398 0.78740157 0.12552165,
            2.2366827 0.78740157 0.12240472,
            2.2329504 0.78740157 0.12005984,
            2.2287898 0.78740157 0.11860394,
            0.17716535 -1.9685039 1.023622,
            0.61023622 -1.9685039 1.023622,
            0.59055118 -0.46062992 1.023622,
            0.19685039 -0.46062992 1.023622,
            0.19685039 0.68548189 1.023622,
            0.59055118 0.68548189 1.023622,
            1.1614173 -1.9685039 1.023622,
            1.5944882 -1.9685039 1.023622,
            1.5748031 -0.46062992 1.023622,
            1.1811024 -0.46062992 1.023622,
            1.1811024 0.68548189 1.023622,
            1.5748031 0.68548189 1.023622,
            -1.1614173 -1.9685039 1.023622,
            -1.5944882 -1.9685039 1.023622,
            -1.1811024 -0.46062992 1.023622,
            -1.5748031 -0.46062992 1.023622,
            -1.5748031 0.68548189 1.023622,
            -1.1811024 0.68548189 1.023622,
            -0.17716535 -1.9685039 1.023622,
            -0.61023622 -1.9685039 1.023622,
            -0.19685039 -0.46062992 1.023622,
            -0.59055118 -0.46062992 1.023622,
            -0.59055118 0.68548189 1.023622,
            -0.19685039 0.68548189 1.023622,
          ]
        }
        coordIndex [
          18, 17, 16, -1,
          19, 17, 18, -1,
          20, 19, 18, -1,
          16, 22, 21, -1,
          23, 22, 16, -1,
          24, 23, 16, -1,
          16, 25, 24, -1,
          26, 25, 16, -1,
          17, 26, 16, -1,
          20, 28, 27, -1,
          29, 28, 20, -1,
          30, 29, 20, -1,
          31, 16, 21, -1,
          32, 16, 31, -1,
          33, 32, 31, -1,
          20, 32, 33, -1,
          34, 20, 33, -1,
          20, 35, 30, -1,
          36, 35, 20, -1,
          34, 36, 20, -1,
          19, 38, 37, -1,
          39, 38, 19, -1,
          20, 39, 19, -1,
          40, 39, 20, -1,
          27, 40, 20, -1,
          41, 40, 27, -1,
          43, 27, 42, -1,
          41, 27, 43, -1,
          44, 41, 43, -1,
          44, 38, 41, -1,
          37, 38, 44, -1,
          45, 37, 44, -1,
          46, 37, 45, -1,
          42, 46, 45, -1,
          47, 46, 42, -1,
          27, 47, 42, -1,
          48, 47, 27, -1,
          37, 48, 27, -1,
          49, 48, 37, -1,
          46, 49, 37, -1,
          52, 51, 50, -1,
          55, 54, 53, -1,
          58, 57, 56, -1,
          61, 60, 59, -1,
          62, 60, 61, -1,
          65, 64, 63, -1,
          66, 64, 65, -1,
          67, 66, 65, -1,
          50, 68, 52, -1,
          53, 68, 50, -1,
          69, 53, 50, -1,
          55, 53, 69, -1,
          56, 67, 58, -1,
          66, 67, 56, -1,
          62, 66, 56, -1,
          53, 66, 62, -1,
          61, 53, 62, -1,
          68, 53, 61, -1,
          71, 70, 17, -1,
          64, 0, 72, -1,
          73, 0, 64, -1,
          71, 66, 74, -1,
          64, 66, 71, -1,
          17, 64, 71, -1,
          73, 64, 17, -1,
          19, 73, 17, -1,
          54, 75, 53, -1,
          76, 75, 54, -1,
          15, 54, 77, -1,
          76, 54, 15, -1,
          78, 76, 15, -1,
          79, 76, 78, -1,
          37, 79, 78, -1,
          27, 79, 37, -1,
          31, 81, 80, -1,
          83, 82, 33, -1,
          83, 85, 84, -1,
          80, 85, 83, -1,
          33, 80, 83, -1,
          31, 80, 33, -1,
          84, 87, 86, -1,
          85, 87, 84, -1,
          85, 66, 87, -1,
          74, 66, 85, -1,
          85, 106, 104, -1,
          85, 107, 106, -1,
          109, 107, 85, -1,
          113, 109, 85, -1,
          111, 109, 113, -1,
          85, 101, 74, -1,
          103, 101, 85, -1,
          104, 103, 85, -1,
          87, 53, 86, -1,
          66, 53, 87, -1,
          93, 84, 96, -1,
          89, 84, 93, -1,
          91, 89, 93, -1,
          84, 95, 96, -1,
          100, 95, 84, -1,
          99, 100, 84, -1,
          75, 86, 53, -1,
          84, 86, 75, -1,
          98, 84, 75, -1,
          99, 84, 98, -1,
          82, 83, 88, -1,
          90, 82, 88, -1,
          115, 92, 114, -1,
          116, 92, 115, -1,
          79, 97, 76, -1,
          94, 97, 79, -1,
          117, 94, 79, -1,
          92, 94, 117, -1,
          118, 92, 117, -1,
          114, 92, 118, -1,
          92, 82, 90, -1,
          119, 82, 92, -1,
          116, 119, 92, -1,
          102, 70, 71, -1,
          105, 70, 102, -1,
          108, 121, 120, -1,
          122, 121, 108, -1,
          108, 70, 105, -1,
          123, 70, 108, -1,
          120, 123, 108, -1,
          81, 112, 80, -1,
          110, 112, 81, -1,
          124, 110, 81, -1,
          108, 110, 124, -1,
          125, 108, 124, -1,
          122, 108, 125, -1,
          127, 126, 63, -1,
          63, 64, 72, -1,
          128, 57, 58, -1,
          63, 58, 127, -1,
          128, 58, 63, -1,
          72, 128, 63, -1,
          129, 128, 72, -1,
          130, 129, 72, -1,
          131, 129, 130, -1,
          132, 131, 130, -1,
          130, 133, 132, -1,
          134, 133, 130, -1,
          135, 134, 130, -1,
          137, 136, 59, -1,
          59, 52, 137, -1,
          128, 52, 59, -1,
          60, 128, 59, -1,
          57, 128, 60, -1,
          138, 57, 60, -1,
          139, 57, 138, -1,
          51, 141, 140, -1,
          55, 141, 51, -1,
          55, 77, 54, -1,
          142, 77, 55, -1,
          143, 142, 55, -1,
          55, 144, 143, -1,
          145, 144, 55, -1,
          146, 145, 55, -1,
          128, 51, 52, -1,
          55, 51, 128, -1,
          147, 55, 128, -1,
          146, 55, 147, -1,
          124, 81, 31, -1,
          21, 124, 31, -1,
          125, 124, 21, -1,
          22, 125, 21, -1,
          122, 125, 22, -1,
          23, 122, 22, -1,
          121, 122, 23, -1,
          24, 121, 23, -1,
          120, 121, 24, -1,
          25, 120, 24, -1,
          123, 120, 25, -1,
          26, 123, 25, -1,
          70, 123, 26, -1,
          17, 70, 26, -1,
          117, 79, 27, -1,
          28, 117, 27, -1,
          118, 117, 28, -1,
          29, 118, 28, -1,
          114, 118, 29, -1,
          30, 114, 29, -1,
          115, 114, 30, -1,
          35, 115, 30, -1,
          116, 115, 35, -1,
          36, 116, 35, -1,
          119, 116, 36, -1,
          34, 119, 36, -1,
          82, 119, 34, -1,
          33, 82, 34, -1,
          147, 128, 8, -1,
          9, 147, 8, -1,
          146, 147, 9, -1,
          10, 146, 9, -1,
          145, 146, 10, -1,
          11, 145, 10, -1,
          144, 145, 11, -1,
          12, 144, 11, -1,
          143, 144, 12, -1,
          13, 143, 12, -1,
          142, 143, 13, -1,
          14, 142, 13, -1,
          77, 142, 14, -1,
          15, 77, 14, -1,
          8, 129, 7, -1,
          128, 129, 8, -1,
          130, 72, 0, -1,
          1, 130, 0, -1,
          135, 130, 1, -1,
          2, 135, 1, -1,
          134, 135, 2, -1,
          3, 134, 2, -1,
          133, 134, 3, -1,
          4, 133, 3, -1,
          132, 133, 4, -1,
          5, 132, 4, -1,
          131, 132, 5, -1,
          6, 131, 5, -1,
          129, 131, 6, -1,
          7, 129, 6, -1,
          15, 73, 78, -1,
          0, 73, 15, -1,
          1, 7, 6, -1,
          0, 7, 1, -1,
          15, 7, 0, -1,
          8, 7, 15, -1,
          14, 8, 15, -1,
          12, 11, 10, -1,
          3, 2, 1, -1,
          9, 12, 10, -1,
          1, 4, 3, -1,
          5, 4, 1, -1,
          6, 5, 1, -1,
          8, 12, 9, -1,
          13, 12, 8, -1,
          14, 13, 8, -1,
          61, 136, 148, -1,
          59, 136, 61, -1,
          52, 149, 137, -1,
          68, 149, 52, -1,
          68, 148, 149, -1,
          61, 148, 68, -1,
          137, 149, 150, -1,
          148, 150, 149, -1,
          151, 150, 148, -1,
          136, 151, 148, -1,
          152, 151, 136, -1,
          137, 152, 136, -1,
          153, 152, 137, -1,
          150, 153, 137, -1,
          50, 140, 154, -1,
          51, 140, 50, -1,
          55, 155, 141, -1,
          69, 155, 55, -1,
          69, 154, 155, -1,
          50, 154, 69, -1,
          141, 155, 156, -1,
          154, 156, 155, -1,
          157, 156, 154, -1,
          140, 157, 154, -1,
          158, 157, 140, -1,
          141, 158, 140, -1,
          159, 158, 141, -1,
          156, 159, 141, -1,
          58, 160, 127, -1,
          67, 160, 58, -1,
          67, 161, 160, -1,
          65, 161, 67, -1,
          65, 126, 161, -1,
          63, 126, 65, -1,
          127, 160, 162, -1,
          161, 162, 160, -1,
          163, 162, 161, -1,
          126, 163, 161, -1,
          164, 163, 126, -1,
          127, 164, 126, -1,
          165, 164, 127, -1,
          162, 165, 127, -1,
          60, 166, 138, -1,
          62, 166, 60, -1,
          62, 167, 166, -1,
          56, 167, 62, -1,
          56, 139, 167, -1,
          57, 139, 56, -1,
          138, 166, 168, -1,
          167, 168, 166, -1,
          169, 168, 167, -1,
          139, 169, 167, -1,
          170, 169, 139, -1,
          138, 170, 139, -1,
          171, 170, 138, -1,
          168, 171, 138, -1,
          78, 19, 37, -1,
          73, 19, 78, -1,
        ]
      }
    }
    # Material 4; 30 triangles
    Shape {
      appearance Appearance {
        material Material {
          diffuseColor 0.568627 0.654902 0.701961
          specularColor 0.0392157 0.0470588 0.0509804
          shininess 0.35
          transparency 0
        }
      }
      geometry IndexedFaceSet {
        solid FALSE
        creaseAngle 0.5
        coord Coordinate {
          point [
            -2.2440945 0.78740157 1.4566929,
            -2.2440945 -2.5590551 1.4566929,
            2.2440945 -2.5590551 1.4566929,
            2.2440945 0.78740157 1.4566929,
            -2.0472441 0.78740157 1.6535433,
            2.0472441 0.78740157 1.6535433,
            2.0472441 -2.7559055 1.6535433,
            -2.0472441 -2.7559055 1.6535433,
            2.0981929 0.78740157 1.6468358,
            2.0981929 -2.7049571 1.6468358,
            2.1456693 0.78740157 1.6271705,
            2.1456693 -2.6574803 1.6271705,
            2.1864386 0.78740157 1.595887,
            2.1864386 -2.616711 1.595887,
            2.2177217 0.78740157 1.5551181,
            2.2177217 -2.5854283 1.5551181,
            2.2034161 -2.5997335 1.576528,
            2.237387 0.78740157 1.5076413,
            2.2424106 -2.5607394 1.482387,
            2.237387 -2.5657626 1.5076413,
            2.2291102 -2.5740394 1.5320244,
            -2.2424106 -2.5607394 1.482387,
            -2.237387 0.78740157 1.5076413,
            -2.237387 -2.5657626 1.5076413,
            -2.2291102 -2.5740394 1.5320244,
            -2.2177217 0.78740157 1.5551181,
            -2.2177217 -2.5854283 1.5551181,
            -2.2034161 -2.5997335 1.576528,
            -2.1864386 0.78740157 1.595887,
            -2.1864386 -2.616711 1.595887,
            -2.1456693 0.78740157 1.6271705,
            -2.1456693 -2.6574803 1.6271705,
            -2.0981929 0.78740157 1.6468358,
            -2.0981929 -2.7049571 1.6468358,
          ]
        }
        coordIndex [
          8, 5, 6, -1,
          9, 8, 6, -1,
          10, 8, 9, -1,
          11, 10, 9, -1,
          12, 10, 11, -1,
          13, 12, 11, -1,
          12, 15, 14, -1,
          16, 15, 12, -1,
          13, 16, 12, -1,
          2, 3, 17, -1,
          17, 18, 2, -1,
          19, 18, 17, -1,
          14, 19, 17, -1,
          20, 19, 14, -1,
          15, 20, 14, -1,
          21, 0, 1, -1,
          22, 0, 21, -1,
          23, 22, 21, -1,
          24, 22, 23, -1,
          25, 22, 24, -1,
          26, 25, 24, -1,
          27, 25, 26, -1,
          28, 25, 27, -1,
          29, 28, 27, -1,
          30, 28, 29, -1,
          31, 30, 29, -1,
          32, 30, 31, -1,
          33, 32, 31, -1,
          4, 32, 33, -1,
          7, 4, 33, -1,
        ]
      }
    }
  ]
}
